/*
SQLyog Community Edition- MySQL GUI v7.11 
MySQL - 5.0.67-community-nt : Database - eve_evemu_static
*********************************************************************
*/


/*!40101 SET NAMES utf8 */;

/*!40101 SET SQL_MODE=''*/;

/*!40101 SET @OLD_SQL_MODE=@@SQL_MODE, SQL_MODE='NO_AUTO_VALUE_ON_ZERO' */;

/*Table structure for table `agtMissionGroups` */

DROP TABLE IF EXISTS `agtMissionGroups`;

CREATE TABLE `agtMissionGroups` (
  `corporationID` int(10) unsigned NOT NULL default '0',
  `divisionID` int(10) unsigned NOT NULL default '0',
  `level` int(10) unsigned NOT NULL default '0',
  `missionID` int(10) unsigned default NULL,
  PRIMARY KEY  (`corporationID`,`divisionID`,`level`),
  KEY `divisionID` (`divisionID`),
  KEY `missionID` (`missionID`)
) ENGINE=InnoDB DEFAULT CHARSET=utf8;

/*Data for the table `agtMissionGroups` */

/*Table structure for table `agtMissions` */

DROP TABLE IF EXISTS `agtMissions`;

CREATE TABLE `agtMissions` (
  `missionID` int(10) unsigned NOT NULL auto_increment,
  `missionName` varchar(255) NOT NULL default '',
  `missionLevel` tinyint(3) unsigned NOT NULL default '0',
  `missionTypeID` int(10) unsigned NOT NULL default '0',
  `importantMission` tinyint(3) unsigned NOT NULL default '0',
  PRIMARY KEY  (`missionID`),
  KEY `missionLevel` (`missionLevel`),
  KEY `missionTypeID` (`missionTypeID`)
) ENGINE=InnoDB DEFAULT CHARSET=utf8;

/*Data for the table `agtMissions` */

/*Table structure for table `agtMissionTypes` */

DROP TABLE IF EXISTS `agtMissionTypes`;

CREATE TABLE `agtMissionTypes` (
  `missionTypeID` int(10) unsigned NOT NULL auto_increment,
  `missionTypeName` varchar(255) NOT NULL default '',
  PRIMARY KEY  (`missionTypeID`)
) ENGINE=InnoDB DEFAULT CHARSET=utf8;

/*Data for the table `agtMissionTypes` */

/*Table structure for table `agtOfferGroups` */

DROP TABLE IF EXISTS `agtOfferGroups`;

CREATE TABLE `agtOfferGroups` (
  `corporationID` int(10) unsigned NOT NULL default '0',
  `divisionID` int(10) unsigned NOT NULL default '0',
  `level` int(10) unsigned NOT NULL default '0',
  `offerID` int(10) unsigned default NULL,
  PRIMARY KEY  (`corporationID`,`divisionID`,`level`),
  KEY `divisionID` (`divisionID`),
  KEY `offerID` (`offerID`)
) ENGINE=InnoDB DEFAULT CHARSET=utf8;

/*Data for the table `agtOfferGroups` */

/*Table structure for table `agtOfferRequired` */

DROP TABLE IF EXISTS `agtOfferRequired`;

CREATE TABLE `agtOfferRequired` (
  `offerID` int(10) unsigned NOT NULL default '0',
  `typeID` int(10) unsigned NOT NULL default '0',
  `quantity` int(10) unsigned NOT NULL default '0',
  PRIMARY KEY  (`offerID`,`typeID`),
  KEY `typeID` (`typeID`)
) ENGINE=InnoDB DEFAULT CHARSET=utf8;

/*Data for the table `agtOfferRequired` */

/*Table structure for table `agtOfferReward` */

DROP TABLE IF EXISTS `agtOfferReward`;

CREATE TABLE `agtOfferReward` (
  `offerID` int(10) unsigned NOT NULL default '0',
  `typeID` int(10) unsigned NOT NULL default '0',
  `quantity` int(10) unsigned NOT NULL default '0',
  PRIMARY KEY  (`offerID`,`typeID`),
  KEY `typeID` (`typeID`)
) ENGINE=InnoDB DEFAULT CHARSET=utf8;

/*Data for the table `agtOfferReward` */

/*Table structure for table `agtOffers` */

DROP TABLE IF EXISTS `agtOffers`;

CREATE TABLE `agtOffers` (
  `offerID` int(10) unsigned NOT NULL auto_increment,
  `offerName` varchar(255) NOT NULL default '',
  `offerLevel` tinyint(3) unsigned NOT NULL default '0',
  `loyaltyPoints` int(10) unsigned NOT NULL default '0',
  `requiredISK` int(10) unsigned NOT NULL default '0',
  `rewardISK` int(10) unsigned NOT NULL default '0',
  `offerText` mediumtext NOT NULL,
  `offerAcceptedText` mediumtext NOT NULL,
  PRIMARY KEY  (`offerID`),
  KEY `offerLevel` (`offerLevel`)
) ENGINE=InnoDB DEFAULT CHARSET=utf8;

/*Data for the table `agtOffers` */

/*Table structure for table `billTypes` */

DROP TABLE IF EXISTS `billTypes`;

CREATE TABLE `billTypes` (
  `billTypeID` int(10) unsigned NOT NULL default '0',
  `billTypeName` varchar(100) NOT NULL default '',
  `description` varchar(100) NOT NULL default '',
  PRIMARY KEY  (`billTypeID`)
) ENGINE=InnoDB DEFAULT CHARSET=utf8;

/*Data for the table `billTypes` */

insert  into `billTypes`(`billTypeID`,`billTypeName`,`description`) values (1,'Market Fine',''),(2,'Rental Bill',''),(3,'Broker Bill',''),(4,'War Bill',''),(5,'Alliance Maintainance Bill','');

/*Table structure for table `bloodlineTypes` */

DROP TABLE IF EXISTS `bloodlineTypes`;

CREATE TABLE `bloodlineTypes` (
  `bloodlineID` int(10) unsigned NOT NULL default '0',
  `typeID` int(10) unsigned NOT NULL default '0',
  PRIMARY KEY  (`bloodlineID`),
  KEY `typeID` (`typeID`)
) ENGINE=InnoDB DEFAULT CHARSET=utf8;

/*Data for the table `bloodlineTypes` */

insert  into `bloodlineTypes`(`bloodlineID`,`typeID`) values (5,1373),(6,1374),(2,1375),(1,1376),(7,1377),(8,1378),(3,1379),(4,1380),(9,1381),(10,1382),(11,1383),(12,1384),(13,1385),(14,1386);

/*Table structure for table `chrAccessories` */

DROP TABLE IF EXISTS `chrAccessories`;

CREATE TABLE `chrAccessories` (
  `accessoryID` int(10) unsigned NOT NULL default '0',
  `accessoryName` varchar(100) NOT NULL default '',
  PRIMARY KEY  (`accessoryID`)
) ENGINE=InnoDB DEFAULT CHARSET=utf8;

/*Data for the table `chrAccessories` */

insert  into `chrAccessories`(`accessoryID`,`accessoryName`) values (1,'None'),(2,'None2'),(3,'Sunglasses black'),(4,'Sunglasses brown'),(5,'Sunglasses green'),(6,'Sunglasses shiny'),(7,'Bone pierce'),(8,'Iron pierce'),(9,'Necklace'),(10,'Necklace green emerald'),(11,'Red stone'),(12,'Cheekpins'),(13,'Metal pins'),(14,'Pindevil'),(15,'Transparent mask'),(16,'Sunglasses'),(17,'smooth mask'),(18,'mask'),(19,'Grey metal mask'),(20,'Goatee'),(21,'Desert Mask');

/*Table structure for table `chrBackgrounds` */

DROP TABLE IF EXISTS `chrBackgrounds`;

CREATE TABLE `chrBackgrounds` (
  `backgroundID` int(10) unsigned NOT NULL default '0',
  `backgroundName` varchar(100) NOT NULL default '',
  PRIMARY KEY  (`backgroundID`)
) ENGINE=InnoDB DEFAULT CHARSET=utf8;

/*Data for the table `chrBackgrounds` */

insert  into `chrBackgrounds`(`backgroundID`,`backgroundName`) values (1,'AthleticFIST'),(2,'Banner'),(3,'Boilerroom'),(4,'Bones'),(5,'Brickwall'),(6,'Caution'),(7,'City'),(8,'Cloudy halo'),(9,'Concord'),(10,'Darkmetal'),(11,'Dirty iron'),(12,'Graffiti'),(13,'Hallway'),(14,'Hangardoor'),(15,'Interbus'),(16,'Pirate'),(17,'Rabbitskull'),(18,'Refraction'),(19,'Rocky halo'),(20,'Rustball'),(21,'Ruststripe'),(22,'RustyMech'),(23,'Statues'),(24,'Tribal'),(25,'Tribaltech'),(26,'Whirlpool'),(27,'Zoom'),(28,'aliens'),(29,'amarrchapel'),(30,'amarrdoors'),(31,'amarrmec'),(32,'boilerroombackdrop'),(33,'breasts'),(34,'cell-298'),(35,'crazyface'),(36,'dirt'),(37,'door'),(38,'doorbackrop'),(39,'doorish'),(40,'doorstraight'),(41,'doublefist'),(42,'factory'),(43,'fistpower'),(44,'garagedoor'),(45,'garbagedoor'),(46,'gigerbackdrop'),(47,'hangar'),(48,'jovemech'),(49,'lights'),(50,'lightsnowindow'),(51,'mec'),(52,'mechyhall'),(53,'metalplate'),(54,'neon01'),(55,'neon02'),(56,'neon3'),(57,'neon4'),(58,'neon5'),(59,'rusty_metalheads'),(60,'sheetmetal_blue'),(61,'sheetmetal_green'),(62,'ship'),(63,'skins_n_metal'),(64,'sphinx'),(65,'sphinx_deco'),(66,'sphinxsofthe6threich'),(67,'steel'),(68,'tech_tribal'),(69,'tiles_green'),(70,'tiles_yellow'),(71,'tunnel'),(72,'window'),(73,'wood'),(74,'Asian Metal Ornament'),(75,'Asian Pattern Plate'),(76,'Asian Royal Glass'),(77,'Asian Space Window'),(78,'Asian Tiger Painting'),(79,'Asian Wood Ornament'),(80,'Asian wood ornaments'),(81,'AsianDragons');

/*Table structure for table `chrBeards` */

DROP TABLE IF EXISTS `chrBeards`;

CREATE TABLE `chrBeards` (
  `beardID` int(10) unsigned NOT NULL default '0',
  `beardName` varchar(100) NOT NULL default '',
  PRIMARY KEY  (`beardID`)
) ENGINE=InnoDB DEFAULT CHARSET=utf8;

/*Data for the table `chrBeards` */

insert  into `chrBeards`(`beardID`,`beardName`) values (1,'1'),(2,'10'),(3,'11'),(4,'12'),(5,'13'),(6,'14'),(7,'15'),(8,'16'),(9,'17'),(10,'2'),(11,'22'),(12,'4'),(13,'7'),(14,'8'),(15,'9'),(16,'None'),(17,'18'),(18,'3'),(19,'5'),(20,'6'),(21,'Heavy black'),(22,'Musket'),(23,'Mustache'),(24,'19'),(25,'20'),(26,'21'),(27,'23'),(28,'24'),(29,'25'),(30,'Unnamed'),(31,'Unshaven'),(32,'Unshaven Moustache'),(33,'Dark Moustache'),(34,'Dark Long Moustache'),(35,'Shaven'),(36,'Moustache'),(37,'Grey Moustache');

/*Table structure for table `chrBLAccessories` */

DROP TABLE IF EXISTS `chrBLAccessories`;

CREATE TABLE `chrBLAccessories` (
  `bloodlineID` int(10) unsigned NOT NULL default '0',
  `gender` int(10) unsigned NOT NULL default '0',
  `accessoryID` int(10) unsigned NOT NULL default '0',
  `npc` int(10) unsigned NOT NULL default '0',
  PRIMARY KEY  (`bloodlineID`,`gender`,`accessoryID`)
) ENGINE=InnoDB DEFAULT CHARSET=utf8;

/*Data for the table `chrBLAccessories` */

insert  into `chrBLAccessories`(`bloodlineID`,`gender`,`accessoryID`,`npc`) values (2,1,1,0),(3,0,1,0),(3,0,7,0),(3,0,8,0),(3,0,9,0),(3,0,10,0),(3,0,11,0),(3,1,1,0),(3,1,12,0),(3,1,13,0),(3,1,14,0),(4,1,1,0),(4,1,2,0),(4,1,3,0),(4,1,4,0),(4,1,5,0),(4,1,6,0),(14,1,1,0),(14,1,15,0),(14,1,16,0),(14,1,17,0),(14,1,18,0),(14,1,19,0),(14,1,20,0),(14,1,21,0);

/*Table structure for table `chrBLBackgrounds` */

DROP TABLE IF EXISTS `chrBLBackgrounds`;

CREATE TABLE `chrBLBackgrounds` (
  `backgroundID` int(10) unsigned NOT NULL default '0',
  `backgroundName` varchar(100) NOT NULL default '',
  PRIMARY KEY  (`backgroundID`)
) ENGINE=InnoDB DEFAULT CHARSET=utf8;

/*Data for the table `chrBLBackgrounds` */

insert  into `chrBLBackgrounds`(`backgroundID`,`backgroundName`) values (1,'AthleticFIST'),(2,'Banner'),(3,'Boilerroom'),(4,'Bones'),(5,'Brickwall'),(6,'Caution'),(7,'City'),(8,'Cloudy halo'),(9,'Concord'),(10,'Darkmetal'),(11,'Dirty iron'),(12,'Graffiti'),(13,'Hallway'),(14,'Hangardoor'),(15,'Interbus'),(16,'Pirate'),(17,'Rabbitskull'),(18,'Refraction'),(19,'Rocky halo'),(20,'Rustball'),(21,'Ruststripe'),(22,'RustyMech'),(23,'Statues'),(24,'Tribal'),(25,'Tribaltech'),(26,'Whirlpool'),(27,'Zoom'),(28,'aliens'),(29,'amarrchapel'),(30,'amarrdoors'),(31,'amarrmec'),(32,'boilerroombackdrop'),(33,'breasts'),(34,'cell-298'),(35,'crazyface'),(36,'dirt'),(37,'door'),(38,'doorbackrop'),(39,'doorish'),(40,'doorstraight'),(41,'doublefist'),(42,'factory'),(43,'fistpower'),(44,'garagedoor'),(45,'garbagedoor'),(46,'gigerbackdrop'),(47,'hangar'),(48,'jovemech'),(49,'lights'),(50,'lightsnowindow'),(51,'mec'),(52,'mechyhall'),(53,'metalplate'),(54,'neon01'),(55,'neon02'),(56,'neon3'),(57,'neon4'),(58,'neon5'),(59,'rusty_metalheads'),(60,'sheetmetal_blue'),(61,'sheetmetal_green'),(62,'ship'),(63,'skins_n_metal'),(64,'sphinx'),(65,'sphinx_deco'),(66,'sphinxsofthe6threich'),(67,'steel'),(68,'tech_tribal'),(69,'tiles_green'),(70,'tiles_yellow'),(71,'tunnel'),(72,'window'),(73,'wood'),(74,'Asian Metal Ornament'),(75,'Asian Pattern Plate'),(76,'Asian Royal Glass'),(77,'Asian Space Window'),(78,'Asian Tiger Painting'),(79,'Asian Wood Ornament'),(80,'Asian wood ornaments'),(81,'AsianDragons');

/*Table structure for table `chrBLBeards` */

DROP TABLE IF EXISTS `chrBLBeards`;

CREATE TABLE `chrBLBeards` (
  `bloodlineID` int(10) unsigned NOT NULL default '0',
  `gender` int(10) unsigned NOT NULL default '0',
  `beardID` int(10) unsigned NOT NULL default '0',
  `npc` int(10) unsigned NOT NULL default '0',
  PRIMARY KEY  (`bloodlineID`,`gender`,`beardID`)
) ENGINE=InnoDB DEFAULT CHARSET=utf8;

/*Data for the table `chrBLBeards` */

insert  into `chrBLBeards`(`bloodlineID`,`gender`,`beardID`,`npc`) values (1,1,2,0),(1,1,3,0),(1,1,10,0),(1,1,12,0),(1,1,13,0),(1,1,14,0),(1,1,15,0),(1,1,16,0),(1,1,19,0),(1,1,20,0),(1,1,21,0),(1,1,22,0),(1,1,23,0),(2,1,1,0),(2,1,2,0),(2,1,3,0),(2,1,4,0),(2,1,5,0),(2,1,6,0),(2,1,7,0),(2,1,8,0),(2,1,9,0),(2,1,10,0),(2,1,12,0),(2,1,13,0),(2,1,14,0),(2,1,15,0),(2,1,16,0),(2,1,17,0),(2,1,18,0),(2,1,19,0),(2,1,20,0),(4,1,1,0),(4,1,2,0),(4,1,3,0),(4,1,4,0),(4,1,5,0),(4,1,6,0),(4,1,7,0),(4,1,8,0),(4,1,9,0),(4,1,10,0),(4,1,11,0),(4,1,12,0),(4,1,13,0),(4,1,14,0),(4,1,15,0),(4,1,16,0),(7,1,1,0),(7,1,3,0),(7,1,6,0),(7,1,8,0),(7,1,9,0),(7,1,10,0),(7,1,11,0),(7,1,12,0),(7,1,13,0),(7,1,14,0),(7,1,15,0),(7,1,16,0),(7,1,18,0),(7,1,19,0),(7,1,20,0),(7,1,24,0),(7,1,25,0),(7,1,26,0),(7,1,27,0),(7,1,28,0),(7,1,29,0),(8,1,1,0),(8,1,2,0),(8,1,6,0),(8,1,7,0),(8,1,8,0),(8,1,9,0),(8,1,10,0),(8,1,12,0),(8,1,15,0),(8,1,16,0),(8,1,18,0),(8,1,26,0),(8,1,30,0),(11,1,16,0),(11,1,31,0),(12,1,16,0),(12,1,33,0),(12,1,34,0),(13,1,31,0),(13,1,35,0),(13,1,36,0),(13,1,37,0),(14,1,16,0),(14,1,31,0),(14,1,32,0);

/*Table structure for table `chrBLCostumes` */

DROP TABLE IF EXISTS `chrBLCostumes`;

CREATE TABLE `chrBLCostumes` (
  `bloodlineID` int(10) unsigned NOT NULL default '0',
  `gender` int(10) unsigned NOT NULL default '0',
  `costumeID` int(10) unsigned NOT NULL default '0',
  `npc` int(10) unsigned NOT NULL default '0',
  PRIMARY KEY  (`bloodlineID`,`gender`,`costumeID`)
) ENGINE=InnoDB DEFAULT CHARSET=utf8;

/*Data for the table `chrBLCostumes` */

insert  into `chrBLCostumes`(`bloodlineID`,`gender`,`costumeID`,`npc`) values (1,0,1,0),(1,0,2,0),(1,0,4,0),(1,0,5,0),(1,0,6,0),(1,0,7,0),(1,0,8,0),(1,0,9,0),(1,0,10,0),(1,0,11,0),(1,0,12,0),(1,0,13,0),(1,0,15,0),(1,0,16,0),(1,0,17,0),(1,0,18,0),(1,0,19,0),(1,0,20,0),(1,0,21,0),(1,0,24,0),(1,0,25,0),(1,0,30,0),(1,0,32,0),(1,0,33,0),(1,1,2,0),(1,1,3,0),(1,1,5,0),(1,1,6,0),(1,1,7,0),(1,1,8,0),(1,1,9,0),(1,1,10,0),(1,1,11,0),(1,1,12,0),(1,1,15,0),(1,1,18,0),(1,1,19,0),(1,1,21,0),(1,1,24,0),(1,1,30,0),(1,1,31,0),(1,1,33,0),(1,1,76,0),(1,1,77,0),(1,1,78,0),(1,1,79,0),(1,1,80,0),(1,1,81,0),(2,0,1,0),(2,0,2,0),(2,0,12,0),(2,0,18,0),(2,0,19,0),(2,0,20,0),(2,0,21,0),(2,0,25,0),(2,0,32,0),(2,0,33,0),(2,0,69,0),(2,0,70,0),(2,0,71,0),(2,0,72,0),(2,0,73,0),(2,0,74,0),(2,0,75,0),(2,1,1,0),(2,1,2,0),(2,1,3,0),(2,1,4,0),(2,1,5,0),(2,1,6,0),(2,1,7,0),(2,1,8,0),(2,1,9,0),(2,1,10,0),(2,1,11,0),(2,1,12,0),(2,1,18,0),(2,1,19,0),(2,1,20,0),(2,1,21,0),(2,1,24,0),(2,1,25,0),(2,1,32,0),(2,1,33,0),(3,0,1,0),(3,0,2,0),(3,0,3,0),(3,0,4,0),(3,0,5,0),(3,0,7,0),(3,0,8,0),(3,0,9,0),(3,0,10,0),(3,0,11,0),(3,0,12,0),(3,0,13,0),(3,0,14,0),(3,0,15,0),(3,0,16,0),(3,0,17,0),(3,0,18,0),(3,0,19,0),(3,0,20,0),(3,0,21,0),(3,0,24,0),(3,0,25,0),(3,0,30,0),(3,0,31,0),(3,0,32,0),(3,0,33,0),(3,1,2,0),(3,1,3,0),(3,1,4,0),(3,1,5,0),(3,1,6,0),(3,1,7,0),(3,1,8,0),(3,1,18,0),(3,1,19,0),(3,1,20,0),(3,1,21,0),(3,1,25,0),(3,1,32,0),(3,1,33,0),(3,1,34,0),(3,1,35,0),(4,0,1,0),(4,0,2,0),(4,0,3,0),(4,0,4,0),(4,0,5,0),(4,0,6,0),(4,0,7,0),(4,0,8,0),(4,0,9,0),(4,0,10,0),(4,0,11,0),(4,0,12,0),(4,0,13,0),(4,0,14,0),(4,0,15,0),(4,0,16,0),(4,0,17,0),(4,0,18,0),(4,0,19,0),(4,0,20,0),(4,0,21,0),(4,0,22,0),(4,0,23,0),(4,1,2,0),(4,1,3,0),(4,1,4,0),(4,1,5,0),(4,1,6,0),(4,1,7,0),(4,1,8,0),(4,1,9,0),(4,1,10,0),(4,1,11,0),(4,1,24,0),(4,1,25,0),(4,1,26,0),(4,1,27,0),(4,1,28,0),(4,1,29,0),(5,0,36,0),(5,0,37,0),(5,0,38,0),(5,0,39,0),(5,0,40,0),(5,0,41,0),(5,0,42,0),(5,0,43,0),(5,0,44,0),(5,0,45,0),(5,0,46,0),(5,0,47,0),(5,0,48,0),(5,0,49,0),(5,0,50,0),(5,0,51,0),(5,1,1,0),(5,1,12,0),(5,1,18,0),(5,1,19,0),(5,1,20,0),(5,1,25,0),(5,1,32,0),(5,1,33,0),(5,1,52,0),(5,1,53,1),(5,1,54,0),(5,1,55,0),(5,1,56,1),(5,1,57,1),(5,1,58,0),(5,1,59,1),(6,0,1,0),(6,0,2,0),(6,0,3,0),(6,0,12,0),(6,0,18,0),(6,0,19,0),(6,0,20,0),(6,0,21,0),(6,0,25,0),(6,0,32,0),(6,0,33,0),(6,0,60,0),(6,0,61,0),(6,1,1,0),(6,1,12,0),(6,1,18,0),(6,1,19,0),(6,1,32,0),(6,1,62,0),(6,1,63,0),(6,1,64,0),(6,1,65,0),(6,1,66,0),(6,1,67,0),(6,1,68,0),(7,0,1,0),(7,0,2,0),(7,0,3,0),(7,0,4,0),(7,0,5,0),(7,0,6,0),(7,0,12,0),(7,0,18,0),(7,0,19,0),(7,0,20,0),(7,0,21,0),(7,0,25,0),(7,0,32,0),(7,0,33,0),(7,0,82,0),(7,0,83,0),(7,0,84,0),(7,0,85,0),(7,0,86,0),(7,0,87,0),(7,0,88,0),(7,0,89,0),(7,0,90,0),(7,0,91,0),(7,0,92,0),(7,0,93,0),(7,0,94,0),(7,0,95,0),(7,0,96,0),(7,0,97,0),(7,0,98,0),(7,0,99,0),(7,0,100,0),(7,0,101,0),(7,1,12,0),(7,1,102,0),(7,1,103,0),(7,1,104,0),(7,1,105,0),(7,1,106,0),(7,1,107,0),(7,1,108,0),(7,1,109,0),(7,1,110,0),(7,1,111,0),(7,1,112,0),(7,1,113,0),(7,1,114,0),(7,1,115,0),(7,1,116,0),(7,1,117,0),(7,1,118,0),(7,1,119,0),(7,1,120,0),(7,1,121,0),(8,0,1,0),(8,0,12,0),(8,0,18,0),(8,0,19,0),(8,0,20,0),(8,0,25,0),(8,0,33,0),(8,0,97,0),(8,0,122,0),(8,0,123,0),(8,0,124,0),(8,0,125,0),(8,0,126,0),(8,0,127,0),(8,0,128,0),(8,0,129,0),(8,0,130,0),(8,0,131,0),(8,0,132,0),(8,0,133,0),(8,0,134,0),(8,0,135,0),(8,0,136,0),(8,0,137,0),(8,0,138,0),(8,1,2,0),(8,1,3,0),(8,1,12,0),(8,1,18,0),(8,1,19,0),(8,1,21,0),(8,1,25,0),(8,1,32,0),(8,1,33,0),(8,1,139,0),(8,1,140,0),(8,1,141,0),(8,1,142,0),(8,1,143,0),(8,1,144,0),(8,1,145,0),(8,1,146,0),(8,1,147,0),(8,1,148,0),(8,1,149,0),(8,1,150,0),(10,1,151,0),(10,1,152,0),(10,1,153,0),(10,1,154,0),(11,0,207,0),(11,0,208,0),(11,0,209,0),(11,0,210,0),(11,0,211,0),(11,0,212,0),(11,0,213,0),(11,0,214,0),(11,0,215,0),(11,0,216,0),(11,0,217,0),(11,0,218,0),(11,1,234,0),(11,1,235,0),(11,1,236,0),(11,1,237,0),(11,1,238,0),(11,1,239,0),(11,1,240,0),(11,1,241,0),(11,1,242,0),(11,1,243,0),(11,1,244,0),(11,1,245,0),(11,1,246,0),(12,0,4,0),(12,0,8,0),(12,0,9,0),(12,0,10,0),(12,0,155,0),(12,0,156,0),(12,0,157,0),(12,0,158,0),(12,0,159,0),(12,0,160,0),(12,0,161,0),(12,0,162,0),(12,0,163,0),(12,1,257,0),(12,1,258,0),(12,1,259,0),(12,1,260,0),(12,1,261,0),(12,1,262,0),(12,1,263,0),(12,1,264,0),(12,1,265,0),(12,1,266,0),(12,1,267,0),(12,1,268,0),(12,1,269,0),(12,1,270,0),(12,1,271,0),(13,0,155,0),(13,0,156,0),(13,0,157,0),(13,0,185,0),(13,0,186,0),(13,0,187,0),(13,0,188,0),(13,0,189,0),(13,0,190,0),(13,0,191,0),(13,0,192,0),(13,0,219,0),(13,0,220,0),(13,0,221,0),(13,0,222,0),(13,0,223,0),(13,0,224,0),(13,0,225,0),(13,0,226,0),(13,0,227,0),(13,0,228,0),(13,0,229,0),(13,0,230,0),(13,0,231,0),(13,0,232,0),(13,0,233,0),(13,1,246,0),(13,1,272,0),(13,1,273,0),(13,1,274,0),(13,1,275,0),(13,1,276,0),(13,1,277,0),(13,1,278,0),(13,1,279,0),(13,1,280,0),(13,1,281,0),(13,1,282,0),(13,1,283,0),(14,0,1,0),(14,0,18,0),(14,0,19,0),(14,0,193,0),(14,0,194,0),(14,0,195,0),(14,0,196,0),(14,0,197,0),(14,0,198,0),(14,0,199,0),(14,0,200,0),(14,0,201,0),(14,0,202,0),(14,0,203,0),(14,0,204,0),(14,0,205,0),(14,0,206,0),(14,1,247,0),(14,1,248,0),(14,1,249,0),(14,1,250,0),(14,1,251,0),(14,1,252,0),(14,1,253,0),(14,1,254,0),(14,1,255,0),(14,1,256,0);

/*Table structure for table `chrBLDecos` */

DROP TABLE IF EXISTS `chrBLDecos`;

CREATE TABLE `chrBLDecos` (
  `bloodlineID` int(10) unsigned NOT NULL default '0',
  `gender` int(10) unsigned NOT NULL default '0',
  `decoID` int(10) unsigned NOT NULL default '0',
  `npc` int(10) unsigned NOT NULL default '0',
  PRIMARY KEY  (`bloodlineID`,`gender`,`decoID`)
) ENGINE=InnoDB DEFAULT CHARSET=utf8;

/*Data for the table `chrBLDecos` */

insert  into `chrBLDecos`(`bloodlineID`,`gender`,`decoID`,`npc`) values (1,0,1,0),(1,0,2,0),(1,0,4,0),(1,0,7,0),(1,0,8,0),(1,0,9,0),(1,0,10,0),(1,0,11,0),(1,0,12,0),(1,0,13,0),(1,0,14,0),(1,0,18,0),(1,0,22,0),(1,0,23,0),(1,0,24,0),(1,0,26,0),(1,0,27,0),(1,0,28,0),(1,0,45,0),(1,0,77,0),(1,0,78,0),(1,0,79,0),(1,0,80,0),(1,0,81,0),(1,0,82,0),(1,1,1,0),(1,1,2,0),(1,1,3,0),(1,1,4,0),(1,1,5,0),(1,1,6,0),(1,1,7,0),(1,1,9,0),(1,1,10,0),(1,1,12,0),(1,1,13,0),(1,1,14,0),(1,1,18,0),(1,1,23,0),(1,1,24,0),(1,1,25,0),(2,0,1,0),(2,0,2,0),(2,0,4,0),(2,0,5,0),(2,0,6,0),(2,0,7,0),(2,0,8,0),(2,0,9,0),(2,0,10,0),(2,0,11,0),(2,0,12,0),(2,0,13,0),(2,0,14,0),(2,0,18,0),(2,0,24,0),(2,0,25,0),(2,0,26,0),(2,0,27,0),(2,0,28,0),(2,0,76,0),(2,0,77,0),(2,0,78,0),(2,0,79,0),(2,0,80,0),(2,0,81,0),(2,0,82,0),(2,1,1,0),(2,1,2,0),(2,1,3,0),(2,1,4,0),(2,1,5,0),(2,1,6,0),(2,1,7,0),(2,1,9,0),(2,1,10,0),(2,1,12,0),(2,1,13,0),(2,1,14,0),(2,1,18,0),(2,1,23,0),(2,1,24,0),(2,1,25,0),(3,0,1,0),(3,0,2,0),(3,0,3,0),(3,0,4,0),(3,0,6,0),(3,0,8,0),(3,0,9,0),(3,0,10,0),(3,0,11,0),(3,0,12,0),(3,0,13,0),(3,0,14,0),(3,0,18,0),(3,0,23,0),(3,0,24,0),(3,0,25,0),(3,0,26,0),(3,0,27,0),(3,0,28,0),(3,0,32,0),(3,0,33,0),(3,0,34,0),(3,0,35,0),(3,0,36,0),(3,0,37,0),(3,1,1,0),(3,1,2,0),(3,1,3,0),(3,1,4,0),(3,1,5,0),(3,1,6,0),(3,1,7,0),(3,1,8,0),(3,1,9,0),(3,1,10,0),(3,1,11,0),(3,1,12,0),(3,1,13,0),(3,1,14,0),(3,1,18,0),(3,1,22,0),(3,1,23,0),(3,1,24,0),(3,1,25,0),(3,1,26,0),(3,1,27,0),(3,1,38,0),(3,1,39,0),(3,1,40,0),(3,1,41,0),(3,1,42,0),(3,1,43,0),(3,1,44,0),(3,1,45,0),(4,0,1,0),(4,0,2,0),(4,0,3,0),(4,0,4,0),(4,0,5,0),(4,0,6,0),(4,0,7,0),(4,0,8,0),(4,0,9,0),(4,0,10,0),(4,0,11,0),(4,0,12,0),(4,0,13,0),(4,0,14,0),(4,0,15,0),(4,0,16,0),(4,0,17,0),(4,0,18,0),(4,0,19,0),(4,0,20,0),(4,0,21,0),(4,1,1,0),(4,1,2,0),(4,1,3,0),(4,1,4,0),(4,1,5,0),(4,1,6,0),(4,1,7,0),(4,1,8,0),(4,1,9,0),(4,1,10,0),(4,1,11,0),(4,1,12,0),(4,1,13,0),(4,1,14,0),(4,1,18,0),(4,1,22,0),(4,1,23,0),(4,1,24,0),(4,1,25,0),(4,1,26,0),(4,1,27,0),(4,1,28,0),(4,1,29,0),(4,1,30,0),(4,1,31,0),(5,0,18,0),(5,0,46,0),(5,0,47,0),(5,0,48,0),(5,0,49,0),(5,0,50,0),(5,0,51,0),(5,0,52,0),(5,0,53,0),(5,0,54,0),(5,0,55,0),(5,1,18,0),(5,1,56,0),(5,1,57,0),(5,1,58,0),(5,1,59,0),(5,1,60,0),(5,1,61,0),(5,1,62,0),(5,1,63,0),(6,0,64,0),(6,0,65,0),(6,0,66,0),(6,0,67,0),(6,0,68,0),(6,0,69,0),(6,0,70,0),(6,1,18,0),(6,1,71,0),(6,1,72,0),(6,1,73,0),(6,1,74,0),(6,1,75,0),(7,0,1,0),(7,0,2,0),(7,0,3,0),(7,0,4,0),(7,0,5,0),(7,0,6,0),(7,0,7,0),(7,0,8,0),(7,0,9,0),(7,0,10,0),(7,0,11,0),(7,0,12,0),(7,0,13,0),(7,0,14,0),(7,0,18,0),(7,0,22,0),(7,0,23,0),(7,0,24,0),(7,0,25,0),(7,0,26,0),(7,0,27,0),(7,0,28,0),(7,0,29,0),(7,0,30,0),(7,0,83,0),(7,0,84,0),(7,0,85,0),(7,0,86,0),(7,0,87,0),(7,0,88,0),(7,0,89,0),(7,0,90,0),(7,0,91,0),(7,0,92,0),(7,0,93,0),(7,0,94,0),(7,0,95,0),(7,0,96,0),(7,0,97,0),(7,0,98,0),(7,0,99,0),(7,1,1,0),(7,1,2,0),(7,1,3,0),(7,1,4,0),(7,1,5,0),(7,1,6,0),(7,1,7,0),(7,1,8,0),(7,1,9,0),(7,1,10,0),(7,1,11,0),(7,1,12,0),(7,1,13,0),(7,1,14,0),(7,1,22,0),(7,1,23,0),(7,1,24,0),(7,1,25,0),(7,1,26,0),(7,1,27,0),(7,1,28,0),(7,1,29,0),(7,1,30,0),(7,1,83,0),(7,1,84,0),(7,1,85,0),(8,0,1,0),(8,0,4,0),(8,0,5,0),(8,0,6,0),(8,0,7,0),(8,0,8,0),(8,0,9,0),(8,0,10,0),(8,0,12,0),(8,0,13,0),(8,0,22,0),(8,0,23,0),(8,0,24,0),(8,0,25,0),(8,0,26,0),(8,0,27,0),(8,0,28,0),(8,0,29,0),(8,0,83,0),(8,0,84,0),(8,1,1,0),(8,1,2,0),(8,1,3,0),(8,1,4,0),(8,1,5,0),(8,1,7,0),(8,1,8,0),(8,1,9,0),(8,1,10,0),(8,1,12,0),(8,1,13,0),(8,1,14,0),(8,1,18,0),(8,1,22,0),(8,1,24,0),(8,1,25,0),(8,1,100,0),(8,1,101,0),(11,1,102,0),(11,1,103,0),(11,1,104,0),(11,1,105,0),(11,1,106,0),(11,1,107,0),(11,1,108,0),(12,1,106,0),(12,1,124,0),(12,1,125,0),(12,1,126,0),(12,1,127,0),(13,1,106,0),(13,1,112,0),(13,1,128,0),(13,1,129,0),(13,1,130,0),(13,1,131,0),(13,1,132,0),(13,1,133,0),(13,1,134,0),(13,1,135,0),(13,1,136,0),(14,1,106,0),(14,1,109,0),(14,1,110,0),(14,1,111,0),(14,1,112,0),(14,1,113,0),(14,1,114,0),(14,1,115,0),(14,1,116,0),(14,1,117,0),(14,1,118,0),(14,1,119,0),(14,1,120,0),(14,1,121,0),(14,1,122,0),(14,1,123,0);

/*Table structure for table `chrBLEyebrows` */

DROP TABLE IF EXISTS `chrBLEyebrows`;

CREATE TABLE `chrBLEyebrows` (
  `bloodlineID` int(10) unsigned NOT NULL default '0',
  `gender` int(10) unsigned NOT NULL default '0',
  `eyebrowsID` int(10) unsigned NOT NULL default '0',
  `npc` int(10) unsigned NOT NULL default '0',
  PRIMARY KEY  (`bloodlineID`,`gender`,`eyebrowsID`)
) ENGINE=InnoDB DEFAULT CHARSET=utf8;

/*Data for the table `chrBLEyebrows` */

insert  into `chrBLEyebrows`(`bloodlineID`,`gender`,`eyebrowsID`,`npc`) values (1,0,1,0),(1,0,2,0),(1,0,3,0),(1,0,4,0),(1,0,5,0),(1,0,6,0),(1,0,7,0),(1,0,8,0),(1,0,9,0),(1,0,10,0),(1,0,11,0),(1,0,14,0),(1,0,16,0),(1,1,1,0),(1,1,2,0),(1,1,3,0),(1,1,4,0),(1,1,5,0),(1,1,6,0),(1,1,7,0),(1,1,8,0),(1,1,14,0),(1,1,29,0),(1,1,30,0),(1,1,31,0),(1,1,32,0),(1,1,33,0),(1,1,34,0),(1,1,35,0),(2,0,1,0),(2,0,3,0),(2,0,4,0),(2,0,7,0),(2,0,8,0),(2,0,9,0),(2,0,10,0),(2,0,11,0),(2,1,1,0),(2,1,2,0),(2,1,4,0),(2,1,5,0),(2,1,6,0),(2,1,7,0),(2,1,8,0),(2,1,9,0),(2,1,10,0),(2,1,11,0),(2,1,12,0),(2,1,16,0),(2,1,27,0),(2,1,28,0),(3,0,1,0),(3,0,2,0),(3,0,4,0),(3,0,8,0),(3,0,9,0),(3,0,10,0),(3,0,11,0),(3,0,12,0),(3,0,13,0),(3,0,16,0),(3,1,1,0),(3,1,2,0),(3,1,4,0),(3,1,5,0),(3,1,6,0),(3,1,7,0),(3,1,8,0),(3,1,9,0),(3,1,10,0),(3,1,11,0),(3,1,12,0),(3,1,13,0),(3,1,17,0),(3,1,18,0),(4,0,1,0),(4,0,2,0),(4,0,3,0),(4,0,4,0),(4,0,5,0),(4,0,6,0),(4,0,7,0),(4,0,8,0),(4,0,9,0),(4,0,10,0),(4,0,11,0),(4,0,12,0),(4,0,13,0),(4,1,1,0),(4,1,2,0),(4,1,3,0),(4,1,6,0),(4,1,7,0),(4,1,8,0),(4,1,9,0),(4,1,14,0),(4,1,15,0),(5,0,19,0),(5,0,20,0),(5,0,21,0),(5,0,22,0),(5,0,23,0),(5,0,24,0),(5,0,25,0),(5,0,26,0),(5,1,1,0),(5,1,3,0),(5,1,4,0),(5,1,5,0),(5,1,6,0),(5,1,7,0),(5,1,8,0),(5,1,10,0),(5,1,11,0),(6,0,4,0),(6,0,7,0),(6,0,8,0),(6,0,9,0),(6,0,10,0),(6,0,11,0),(6,1,2,0),(6,1,3,0),(6,1,4,0),(6,1,8,0),(6,1,9,0),(6,1,10,0),(6,1,11,0),(7,0,1,0),(7,0,2,0),(7,0,3,0),(7,0,6,0),(7,0,8,0),(7,0,9,0),(7,0,10,0),(7,0,11,0),(7,0,15,0),(7,0,16,0),(7,0,36,0),(7,0,37,0),(7,1,1,0),(7,1,2,0),(7,1,4,0),(7,1,5,0),(7,1,6,0),(7,1,7,0),(7,1,8,0),(7,1,9,0),(7,1,10,0),(7,1,11,0),(7,1,16,0),(8,0,1,0),(8,0,3,0),(8,0,4,0),(8,0,8,0),(8,0,9,0),(8,0,10,0),(8,0,11,0),(8,0,14,0),(8,0,16,0),(8,0,36,0),(8,0,37,0),(8,1,1,0),(8,1,2,0),(8,1,3,0),(8,1,4,0),(8,1,6,0),(8,1,7,0),(8,1,8,0),(8,1,9,0),(8,1,10,0),(8,1,11,0),(8,1,14,0),(8,1,15,0),(8,1,16,0),(8,1,36,0),(8,1,37,0),(11,0,35,0),(11,0,38,0),(11,0,40,0),(11,0,41,0),(11,0,42,0),(11,0,43,0),(11,0,44,0),(11,0,45,0),(11,0,46,0),(11,1,47,0),(11,1,48,0),(11,1,49,0),(11,1,50,0),(12,0,1,0),(12,0,4,0),(12,0,5,0),(12,0,6,0),(12,0,7,0),(12,0,35,0),(12,0,40,0),(12,0,41,0),(12,0,42,0),(12,1,49,0),(12,1,65,0),(12,1,66,0),(12,1,67,0),(12,1,68,0),(12,1,69,0),(12,1,70,0),(12,1,71,0),(12,1,72,0),(12,1,73,0),(12,1,74,0),(12,1,75,0),(12,1,76,0),(13,0,35,0),(13,0,38,0),(13,0,40,0),(13,0,41,0),(13,0,42,0),(13,0,43,0),(13,0,44,0),(13,0,45,0),(13,0,46,0),(13,1,51,0),(13,1,55,0),(13,1,56,0),(13,1,62,0),(13,1,77,0),(13,1,78,0),(13,1,79,0),(13,1,80,0),(13,1,81,0),(13,1,82,0),(14,0,1,0),(14,0,4,0),(14,0,5,0),(14,0,6,0),(14,0,7,0),(14,0,8,0),(14,0,20,0),(14,0,23,0),(14,0,24,0),(14,0,25,0),(14,0,26,0),(14,0,39,0),(14,1,51,0),(14,1,52,0),(14,1,53,0),(14,1,54,0),(14,1,55,0),(14,1,56,0),(14,1,57,0),(14,1,58,0),(14,1,59,0),(14,1,60,0),(14,1,61,0),(14,1,62,0),(14,1,63,0),(14,1,64,0);

/*Table structure for table `chrBLEyes` */

DROP TABLE IF EXISTS `chrBLEyes`;

CREATE TABLE `chrBLEyes` (
  `bloodlineID` int(10) unsigned NOT NULL default '0',
  `gender` int(10) unsigned NOT NULL default '0',
  `eyesID` int(10) unsigned NOT NULL default '0',
  `npc` int(10) unsigned NOT NULL default '0',
  PRIMARY KEY  (`bloodlineID`,`gender`,`eyesID`)
) ENGINE=InnoDB DEFAULT CHARSET=utf8;

/*Data for the table `chrBLEyes` */

insert  into `chrBLEyes`(`bloodlineID`,`gender`,`eyesID`,`npc`) values (1,0,1,0),(1,0,3,0),(1,0,4,0),(1,0,5,0),(1,0,6,0),(1,0,7,0),(1,0,8,0),(1,0,10,0),(1,0,11,0),(1,0,13,0),(1,0,14,0),(1,0,15,0),(1,0,16,0),(1,0,17,0),(1,1,1,0),(1,1,3,0),(1,1,4,0),(1,1,5,0),(1,1,6,0),(1,1,7,0),(1,1,8,0),(1,1,10,0),(1,1,11,0),(1,1,13,0),(1,1,14,0),(1,1,15,0),(1,1,16,0),(1,1,17,0),(1,1,19,0),(2,0,1,0),(2,0,3,0),(2,0,4,0),(2,0,5,0),(2,0,6,0),(2,0,7,0),(2,0,8,0),(2,0,10,0),(2,0,11,0),(2,0,13,0),(2,0,14,0),(2,0,15,0),(2,0,16,0),(2,1,1,0),(2,1,3,0),(2,1,4,0),(2,1,5,0),(2,1,6,0),(2,1,7,0),(2,1,8,0),(2,1,10,0),(2,1,11,0),(2,1,13,0),(2,1,14,0),(2,1,15,0),(2,1,16,0),(2,1,17,0),(3,0,1,0),(3,0,2,0),(3,0,3,0),(3,0,4,0),(3,0,5,0),(3,0,6,0),(3,0,7,0),(3,0,8,0),(3,0,10,0),(3,0,11,0),(3,0,13,0),(3,0,14,0),(3,0,15,0),(3,0,16,0),(3,1,1,0),(3,1,2,0),(3,1,3,0),(3,1,4,0),(3,1,5,0),(3,1,6,0),(3,1,7,0),(3,1,8,0),(3,1,10,0),(3,1,11,0),(3,1,13,0),(3,1,14,0),(3,1,15,0),(3,1,16,0),(4,0,1,0),(4,0,2,0),(4,0,3,0),(4,0,4,0),(4,0,5,0),(4,0,6,0),(4,0,7,0),(4,0,8,0),(4,0,9,0),(4,0,10,0),(4,0,11,0),(4,0,12,0),(4,0,13,0),(4,0,14,0),(4,0,15,0),(4,0,16,0),(4,1,1,0),(4,1,3,0),(4,1,4,0),(4,1,5,0),(4,1,6,0),(4,1,7,0),(4,1,8,0),(4,1,10,0),(4,1,11,0),(4,1,13,0),(4,1,14,0),(4,1,15,0),(4,1,16,0),(4,1,17,0),(5,0,1,0),(5,0,2,0),(5,0,3,0),(5,0,4,0),(5,0,5,0),(5,0,6,0),(5,0,7,0),(5,0,8,0),(5,0,10,0),(5,0,11,0),(5,0,13,0),(5,0,14,0),(5,0,15,0),(5,0,16,0),(5,1,2,0),(5,1,18,0),(5,1,19,0),(5,1,20,0),(5,1,21,0),(5,1,22,0),(6,0,1,0),(6,0,2,0),(6,0,3,0),(6,0,4,0),(6,0,5,0),(6,0,6,0),(6,0,7,0),(6,0,8,0),(6,0,10,0),(6,0,11,0),(6,0,13,0),(6,0,14,0),(6,0,15,0),(6,0,16,0),(6,1,1,0),(6,1,2,0),(6,1,3,0),(6,1,4,0),(6,1,5,0),(6,1,6,0),(6,1,7,0),(6,1,8,0),(6,1,10,0),(6,1,11,0),(6,1,13,0),(6,1,14,0),(6,1,15,0),(6,1,16,0),(7,0,1,0),(7,0,3,0),(7,0,4,0),(7,0,5,0),(7,0,6,0),(7,0,7,0),(7,0,8,0),(7,0,10,0),(7,0,11,0),(7,0,13,0),(7,0,14,0),(7,0,15,0),(7,0,16,0),(7,0,17,0),(7,1,1,0),(7,1,3,0),(7,1,4,0),(7,1,5,0),(7,1,6,0),(7,1,7,0),(7,1,8,0),(7,1,10,0),(7,1,13,0),(7,1,14,0),(7,1,15,0),(7,1,16,0),(7,1,17,0),(8,0,1,0),(8,0,3,0),(8,0,4,0),(8,0,5,0),(8,0,6,0),(8,0,7,0),(8,0,8,0),(8,0,10,0),(8,0,11,0),(8,0,13,0),(8,0,14,0),(8,0,15,0),(8,0,16,0),(8,0,17,0),(8,1,1,0),(8,1,3,0),(8,1,4,0),(8,1,5,0),(8,1,6,0),(8,1,7,0),(8,1,8,0),(8,1,10,0),(8,1,13,0),(8,1,14,0),(8,1,15,0),(8,1,16,0),(8,1,17,0),(11,0,2,0),(11,0,3,0),(11,0,4,0),(11,0,5,0),(11,0,6,0),(11,0,8,0),(11,0,10,0),(11,0,11,0),(11,0,15,0),(11,1,31,0),(11,1,32,0),(11,1,33,0),(11,1,34,0),(11,1,35,0),(11,1,36,0),(11,1,37,0),(11,1,38,0),(11,1,39,0),(11,1,40,0),(12,0,6,0),(12,0,23,0),(12,0,24,0),(12,0,25,0),(12,1,31,0),(12,1,32,0),(12,1,33,0),(12,1,35,0),(12,1,36,0),(12,1,37,0),(12,1,38,0),(12,1,39,0),(13,0,24,0),(13,0,26,0),(13,0,27,0),(13,0,28,0),(13,0,29,0),(13,0,30,0),(13,1,31,0),(13,1,32,0),(13,1,33,0),(13,1,35,0),(13,1,36,0),(13,1,37,0),(13,1,38,0),(13,1,39,0),(14,0,2,0),(14,0,3,0),(14,0,4,0),(14,0,5,0),(14,0,6,0),(14,0,8,0),(14,0,10,0),(14,0,11,0),(14,0,15,0),(14,1,6,0),(14,1,41,0),(14,1,42,0),(14,1,43,0),(14,1,44,0),(14,1,45,0);

/*Table structure for table `chrBLHairs` */

DROP TABLE IF EXISTS `chrBLHairs`;

CREATE TABLE `chrBLHairs` (
  `bloodlineID` int(10) unsigned NOT NULL default '0',
  `gender` int(10) unsigned NOT NULL default '0',
  `hairID` int(10) unsigned NOT NULL default '0',
  `npc` int(10) unsigned NOT NULL default '0',
  PRIMARY KEY  (`bloodlineID`,`gender`,`hairID`)
) ENGINE=InnoDB DEFAULT CHARSET=utf8;

/*Data for the table `chrBLHairs` */

insert  into `chrBLHairs`(`bloodlineID`,`gender`,`hairID`,`npc`) values (1,0,2,0),(1,0,4,0),(1,0,10,0),(1,0,12,0),(1,0,13,0),(1,0,20,0),(1,0,75,0),(1,0,82,0),(1,0,83,0),(1,0,90,0),(1,0,91,0),(1,0,92,0),(1,0,93,0),(1,1,1,0),(1,1,2,0),(1,1,3,0),(1,1,4,0),(1,1,10,0),(1,1,14,0),(1,1,87,0),(1,1,94,0),(1,1,95,0),(1,1,96,0),(1,1,97,0),(1,1,98,0),(2,0,1,0),(2,0,2,0),(2,0,3,0),(2,0,4,0),(2,0,29,0),(2,0,73,0),(2,0,74,0),(2,0,75,0),(2,0,76,0),(2,0,77,0),(2,0,78,0),(2,0,79,0),(2,0,80,0),(2,0,81,0),(2,1,1,0),(2,1,2,0),(2,1,3,0),(2,1,4,0),(2,1,5,0),(2,1,10,0),(2,1,11,0),(2,1,12,0),(2,1,13,0),(2,1,14,0),(2,1,16,0),(2,1,20,0),(2,1,28,0),(2,1,82,0),(2,1,83,0),(2,1,84,0),(2,1,85,0),(2,1,86,0),(2,1,87,0),(2,1,88,0),(2,1,89,0),(3,0,1,0),(3,0,2,0),(3,0,3,0),(3,0,4,0),(3,0,5,0),(3,0,10,0),(3,0,11,0),(3,0,12,0),(3,0,13,0),(3,0,14,0),(3,0,16,0),(3,0,20,0),(3,0,21,0),(3,0,22,0),(3,0,23,0),(3,0,24,0),(3,0,25,0),(3,0,26,0),(3,0,27,0),(3,0,28,0),(3,0,29,0),(3,0,30,0),(3,1,2,0),(3,1,4,0),(3,1,5,0),(3,1,10,0),(3,1,11,0),(3,1,12,0),(3,1,13,0),(3,1,16,0),(3,1,30,0),(3,1,31,0),(3,1,32,0),(3,1,33,0),(3,1,34,0),(3,1,35,0),(3,1,36,0),(3,1,37,0),(4,0,1,0),(4,0,2,0),(4,0,3,0),(4,0,4,0),(4,0,5,0),(4,0,6,0),(4,0,7,0),(4,0,8,0),(4,0,9,0),(4,1,1,0),(4,1,2,0),(4,1,4,0),(4,1,5,0),(4,1,9,0),(4,1,10,0),(4,1,11,0),(4,1,12,0),(4,1,13,0),(4,1,14,0),(4,1,15,0),(4,1,16,0),(4,1,17,0),(4,1,18,0),(4,1,19,0),(5,0,38,0),(5,0,39,0),(5,0,40,0),(5,0,41,0),(5,0,42,0),(5,0,43,0),(5,0,44,0),(5,0,45,0),(5,0,46,0),(5,0,47,0),(5,0,48,0),(5,0,49,0),(5,1,16,0),(5,1,47,0),(5,1,50,0),(5,1,51,0),(5,1,52,0),(5,1,53,0),(5,1,54,0),(6,0,1,0),(6,0,2,0),(6,0,19,0),(6,0,55,0),(6,0,56,0),(6,0,57,0),(6,0,58,0),(6,0,59,0),(6,0,60,0),(6,0,61,0),(6,0,62,0),(6,0,63,0),(6,0,64,0),(6,0,65,0),(6,0,66,0),(6,1,16,0),(6,1,67,0),(6,1,68,0),(6,1,69,0),(6,1,70,0),(6,1,71,0),(6,1,72,0),(7,0,1,0),(7,0,2,0),(7,0,3,0),(7,0,4,0),(7,0,5,0),(7,0,11,0),(7,0,12,0),(7,0,13,0),(7,0,14,0),(7,0,81,0),(7,0,99,0),(7,0,100,0),(7,0,101,0),(7,0,102,0),(7,0,103,0),(7,0,104,0),(7,0,105,0),(7,0,106,0),(7,1,1,0),(7,1,2,0),(7,1,3,0),(7,1,4,0),(7,1,10,0),(7,1,12,0),(7,1,13,0),(7,1,42,0),(7,1,82,0),(7,1,83,0),(7,1,107,0),(7,1,108,0),(7,1,109,0),(7,1,110,0),(7,1,111,0),(7,1,112,0),(7,1,113,0),(7,1,114,0),(7,1,115,0),(7,1,116,0),(7,1,117,0),(7,1,118,0),(7,1,119,0),(7,1,120,0),(7,1,121,0),(7,1,122,0),(8,0,1,0),(8,0,2,0),(8,0,3,0),(8,0,4,0),(8,0,5,0),(8,0,10,0),(8,0,11,0),(8,0,12,0),(8,0,13,0),(8,0,14,0),(8,0,20,0),(8,0,82,0),(8,0,83,0),(8,0,90,0),(8,0,91,0),(8,0,123,0),(8,0,124,0),(8,0,125,0),(8,0,126,0),(8,0,127,0),(8,0,128,0),(8,1,1,0),(8,1,2,0),(8,1,3,0),(8,1,4,0),(8,1,5,0),(8,1,10,0),(8,1,11,0),(8,1,12,0),(8,1,13,0),(8,1,14,0),(8,1,20,0),(8,1,46,0),(8,1,82,0),(8,1,129,0),(8,1,130,0),(8,1,131,0),(11,0,133,0),(11,0,134,0),(11,0,135,0),(11,0,136,0),(11,0,137,0),(11,0,174,0),(11,0,175,0),(11,0,176,0),(11,0,177,0),(11,0,178,0),(11,0,179,0),(11,0,180,0),(11,1,190,0),(11,1,191,0),(11,1,192,0),(11,1,193,0),(11,1,194,0),(11,1,195,0),(11,1,196,0),(11,1,197,0),(11,1,198,0),(11,1,199,0),(12,0,90,0),(12,0,91,0),(12,0,123,0),(12,0,134,0),(12,0,135,0),(12,0,136,0),(12,0,137,0),(12,0,138,0),(12,0,139,0),(12,0,140,0),(12,0,141,0),(12,0,149,0),(12,0,163,0),(12,0,172,0),(12,0,173,0),(12,1,16,0),(12,1,206,0),(12,1,207,0),(12,1,208,0),(12,1,209,0),(12,1,210,0),(12,1,211,0),(12,1,212,0),(12,1,213,0),(12,1,214,0),(12,1,215,0),(12,1,216,0),(13,0,133,0),(13,0,134,0),(13,0,135,0),(13,0,163,0),(13,0,164,0),(13,0,165,0),(13,0,166,0),(13,0,167,0),(13,0,179,0),(13,0,180,0),(13,0,181,0),(13,0,182,0),(13,0,183,0),(13,0,184,0),(13,0,185,0),(13,0,186,0),(13,0,187,0),(13,0,188,0),(13,0,189,0),(13,1,199,0),(13,1,217,0),(13,1,218,0),(13,1,219,0),(13,1,220,0),(13,1,221,0),(13,1,222,0),(13,1,223,0),(13,1,224,0),(13,1,225,0),(13,1,226,0),(13,1,227,0),(13,1,228,0),(13,1,229,0),(14,0,1,0),(14,0,2,0),(14,0,3,0),(14,0,4,0),(14,0,5,0),(14,0,6,0),(14,0,8,0),(14,0,9,0),(14,0,168,0),(14,0,169,0),(14,0,170,0),(14,0,171,0),(14,1,16,0),(14,1,23,0),(14,1,200,0),(14,1,201,0),(14,1,202,0),(14,1,203,0),(14,1,204,0),(14,1,205,0);

/*Table structure for table `chrBLLights` */

DROP TABLE IF EXISTS `chrBLLights`;

CREATE TABLE `chrBLLights` (
  `lightID` int(10) unsigned NOT NULL default '0',
  `lightName` varchar(100) NOT NULL default '',
  PRIMARY KEY  (`lightID`)
) ENGINE=InnoDB DEFAULT CHARSET=utf8;

/*Data for the table `chrBLLights` */

insert  into `chrBLLights`(`lightID`,`lightName`) values (1,'Backlit'),(2,'Blue'),(3,'Blue night'),(4,'Coolblue'),(5,'Drama sidelights'),(6,'Flashlight'),(7,'Icy'),(8,'Moonlight'),(9,'Nocturne'),(10,'Overcast'),(11,'Pale yellow backlit'),(12,'Red alert'),(13,'Sidelight'),(14,'Singleside'),(15,'Soft'),(16,'Soft sidelight'),(17,'Softly'),(18,'Studiolights'),(19,'UnderlitV2'),(20,'Yellowsidelights');

/*Table structure for table `chrBLLipsticks` */

DROP TABLE IF EXISTS `chrBLLipsticks`;

CREATE TABLE `chrBLLipsticks` (
  `bloodlineID` int(10) unsigned NOT NULL default '0',
  `gender` int(10) unsigned NOT NULL default '0',
  `lipstickID` int(10) unsigned NOT NULL default '0',
  `npc` int(10) unsigned NOT NULL default '0',
  PRIMARY KEY  (`bloodlineID`,`gender`,`lipstickID`)
) ENGINE=InnoDB DEFAULT CHARSET=utf8;

/*Data for the table `chrBLLipsticks` */

insert  into `chrBLLipsticks`(`bloodlineID`,`gender`,`lipstickID`,`npc`) values (1,0,1,0),(1,0,2,0),(1,0,3,0),(1,0,4,0),(1,0,5,0),(1,0,6,0),(1,0,9,0),(1,0,12,0),(1,0,14,0),(1,0,17,0),(1,0,24,0),(1,0,25,0),(1,0,26,0),(1,0,37,0),(1,0,38,0),(1,0,40,0),(1,0,41,0),(2,0,1,0),(2,0,2,0),(2,0,3,0),(2,0,4,0),(2,0,5,0),(2,0,6,0),(2,0,9,0),(2,0,12,0),(2,0,14,0),(2,0,17,0),(2,0,24,0),(2,0,25,0),(2,0,26,0),(2,0,37,0),(2,0,38,0),(2,0,39,0),(2,0,40,0),(2,0,41,0),(3,0,7,0),(3,0,8,0),(3,0,9,0),(3,0,10,0),(3,0,11,0),(3,0,12,0),(3,0,13,0),(3,0,14,0),(3,0,15,0),(3,0,16,0),(3,0,17,0),(3,0,18,0),(3,0,20,0),(3,0,21,0),(3,0,22,0),(3,0,23,0),(3,0,24,0),(3,0,25,0),(3,0,26,0),(3,0,27,0),(4,0,1,0),(4,0,2,0),(4,0,3,0),(4,0,4,0),(4,0,5,0),(4,0,6,0),(4,0,7,0),(4,0,8,0),(4,0,9,0),(4,0,10,0),(4,0,11,0),(4,0,12,0),(4,0,13,0),(4,0,14,0),(4,0,15,0),(4,0,16,0),(4,0,17,0),(4,0,18,0),(4,0,19,0),(4,0,20,0),(4,0,21,0),(5,0,17,0),(5,0,18,0),(5,0,28,0),(5,0,29,0),(5,0,30,0),(5,0,31,0),(5,0,32,0),(5,0,33,0),(5,0,34,0),(5,0,35,0),(5,0,36,0),(6,0,1,0),(6,0,2,0),(6,0,4,0),(6,0,5,0),(6,0,24,0),(6,0,25,0),(6,0,26,0),(6,0,37,0),(6,0,38,0),(7,0,1,0),(7,0,2,0),(7,0,3,0),(7,0,4,0),(7,0,5,0),(7,0,6,0),(7,0,7,0),(7,0,9,0),(7,0,12,0),(7,0,14,0),(7,0,17,0),(7,0,18,0),(7,0,22,0),(7,0,23,0),(7,0,24,0),(7,0,25,0),(7,0,26,0),(7,0,27,0),(7,0,37,0),(7,0,38,0),(7,0,42,0),(7,0,43,0),(7,0,44,0),(7,0,45,0),(7,0,46,0),(7,0,47,0),(8,0,1,0),(8,0,2,0),(8,0,3,0),(8,0,4,0),(8,0,5,0),(8,0,6,0),(8,0,7,0),(8,0,9,0),(8,0,12,0),(8,0,14,0),(8,0,17,0),(8,0,18,0),(8,0,22,0),(8,0,23,0),(8,0,24,0),(8,0,25,0),(8,0,26,0),(8,0,27,0),(8,0,37,0),(8,0,38,0),(8,0,42,0),(8,0,43,0),(8,0,44,0),(8,0,45,0),(8,0,46,0),(8,0,47,0),(11,0,55,0),(11,0,56,0),(11,0,57,0),(11,0,58,0),(11,0,59,0),(11,0,60,0),(12,0,12,0),(12,0,17,0),(12,0,48,0),(12,0,49,0),(12,0,50,0),(12,0,51,0),(12,0,52,0),(12,0,53,0),(12,0,54,0),(13,0,17,0),(13,0,55,0),(13,0,61,0),(13,0,62,0),(13,0,63,0),(13,0,64,0),(13,0,65,0),(13,0,66,0),(13,0,67,0),(13,0,68,0),(14,0,17,0),(14,0,18,0),(14,0,28,0),(14,0,29,0),(14,0,30,0),(14,0,31,0),(14,0,32,0),(14,0,33,0),(14,0,34,0),(14,0,36,0);

/*Table structure for table `chrBLMakeups` */

DROP TABLE IF EXISTS `chrBLMakeups`;

CREATE TABLE `chrBLMakeups` (
  `bloodlineID` int(10) unsigned NOT NULL default '0',
  `gender` int(10) unsigned NOT NULL default '0',
  `makeupID` int(10) unsigned NOT NULL default '0',
  `npc` int(10) unsigned NOT NULL default '0',
  PRIMARY KEY  (`bloodlineID`,`gender`,`makeupID`)
) ENGINE=InnoDB DEFAULT CHARSET=utf8;

/*Data for the table `chrBLMakeups` */

insert  into `chrBLMakeups`(`bloodlineID`,`gender`,`makeupID`,`npc`) values (1,0,1,0),(1,0,2,0),(1,0,3,0),(1,0,4,0),(1,0,5,0),(1,0,6,0),(1,0,7,0),(1,0,8,0),(1,0,9,0),(1,0,16,0),(1,0,20,0),(1,0,21,0),(1,0,35,0),(1,0,37,0),(1,0,38,0),(1,0,39,0),(1,0,40,0),(1,0,44,0),(1,0,45,0),(1,0,47,0),(1,0,48,0),(1,0,49,0),(1,0,50,0),(1,0,51,0),(2,0,1,0),(2,0,2,0),(2,0,4,0),(2,0,5,0),(2,0,6,0),(2,0,7,0),(2,0,8,0),(2,0,9,0),(2,0,16,0),(2,0,20,0),(2,0,21,0),(2,0,35,0),(2,0,36,0),(2,0,37,0),(2,0,38,0),(2,0,39,0),(2,0,40,0),(2,0,41,0),(2,0,42,0),(2,0,43,0),(2,0,44,0),(2,0,45,0),(2,0,46,0),(3,0,1,0),(3,0,2,0),(3,0,3,0),(3,0,4,0),(3,0,5,0),(3,0,6,0),(3,0,7,0),(3,0,8,0),(3,0,9,0),(3,0,10,0),(3,0,11,0),(3,0,12,0),(3,0,13,0),(3,0,14,0),(3,0,16,0),(3,0,18,0),(3,0,19,0),(3,0,20,0),(3,0,21,0),(4,0,1,0),(4,0,2,0),(4,0,3,0),(4,0,4,0),(4,0,5,0),(4,0,6,0),(4,0,7,0),(4,0,8,0),(4,0,9,0),(4,0,10,0),(4,0,11,0),(4,0,12,0),(4,0,13,0),(4,0,14,0),(4,0,15,0),(4,0,16,0),(4,0,17,0),(4,0,18,0),(4,0,19,0),(5,0,16,0),(5,0,22,0),(5,0,23,0),(5,0,24,0),(5,0,25,0),(5,0,26,0),(5,0,27,0),(5,0,28,0),(5,0,29,0),(5,0,30,0),(5,0,31,0),(5,0,32,0),(5,0,33,0),(5,0,34,0),(6,0,1,0),(6,0,2,0),(6,0,3,0),(6,0,4,0),(6,0,7,0),(6,0,8,0),(6,0,9,0),(6,0,20,0),(6,0,21,0),(6,0,35,0),(7,0,1,0),(7,0,2,0),(7,0,3,0),(7,0,4,0),(7,0,5,0),(7,0,6,0),(7,0,7,0),(7,0,8,0),(7,0,9,0),(7,0,16,0),(7,0,19,0),(7,0,20,0),(7,0,21,0),(7,0,22,0),(7,0,35,0),(7,0,37,0),(7,0,38,0),(7,0,39,0),(7,0,40,0),(7,0,42,0),(7,0,43,0),(7,0,44,0),(7,0,45,0),(7,0,47,0),(7,0,48,0),(7,0,49,0),(7,0,50,0),(7,0,51,0),(7,0,52,0),(7,0,53,0),(7,0,54,0),(7,0,55,0),(7,0,56,0),(7,0,57,0),(7,0,58,0),(7,0,59,0),(8,0,1,0),(8,0,2,0),(8,0,3,0),(8,0,4,0),(8,0,6,0),(8,0,9,0),(8,0,16,0),(8,0,19,0),(8,0,21,0),(8,0,22,0),(8,0,35,0),(8,0,37,0),(8,0,38,0),(8,0,39,0),(8,0,40,0),(8,0,42,0),(8,0,43,0),(8,0,44,0),(8,0,45,0),(8,0,47,0),(8,0,48,0),(8,0,49,0),(8,0,50,0),(8,0,51,0),(8,0,52,0),(8,0,53,0),(8,0,54,0),(8,0,55,0),(8,0,56,0),(8,0,57,0),(8,0,58,0),(8,0,59,0),(11,0,19,0),(11,0,66,0),(11,0,69,0),(11,0,70,0),(11,0,71,0),(11,0,72,0),(11,0,73,0),(11,0,74,0),(11,0,75,0),(12,0,2,0),(12,0,3,0),(12,0,5,0),(12,0,8,0),(12,0,9,0),(12,0,16,0),(12,0,21,0),(12,0,35,0),(12,0,37,0),(12,0,38,0),(13,0,16,0),(13,0,60,0),(13,0,61,0),(13,0,62,0),(13,0,63,0),(13,0,64,0),(13,0,65,0),(13,0,66,0),(13,0,76,0),(14,0,16,0),(14,0,22,0),(14,0,23,0),(14,0,25,0),(14,0,27,0),(14,0,29,0),(14,0,30,0),(14,0,32,0),(14,0,67,0),(14,0,68,0);

/*Table structure for table `chrBLSkins` */

DROP TABLE IF EXISTS `chrBLSkins`;

CREATE TABLE `chrBLSkins` (
  `bloodlineID` int(10) unsigned NOT NULL default '0',
  `gender` int(10) unsigned NOT NULL default '0',
  `skinID` int(10) unsigned NOT NULL default '0',
  `npc` int(10) unsigned NOT NULL default '0',
  PRIMARY KEY  (`bloodlineID`,`gender`,`skinID`)
) ENGINE=InnoDB DEFAULT CHARSET=utf8;

/*Data for the table `chrBLSkins` */

insert  into `chrBLSkins`(`bloodlineID`,`gender`,`skinID`,`npc`) values (1,0,1,0),(1,0,2,0),(1,0,3,0),(1,0,4,0),(1,0,5,0),(1,0,6,0),(1,0,7,0),(1,1,1,0),(1,1,2,0),(1,1,3,0),(1,1,4,0),(1,1,5,0),(1,1,7,0),(1,1,8,0),(1,1,11,0),(2,0,1,0),(2,0,2,0),(2,0,3,0),(2,0,4,0),(2,0,5,0),(2,0,6,0),(2,0,7,0),(2,0,8,0),(2,0,11,0),(2,1,1,0),(2,1,2,0),(2,1,3,0),(2,1,4,0),(2,1,5,0),(2,1,6,0),(2,1,7,0),(2,1,8,0),(3,0,1,0),(3,0,2,0),(3,0,3,0),(3,0,4,0),(3,0,5,0),(3,0,6,0),(3,0,7,0),(3,0,8,0),(3,0,12,0),(3,0,13,0),(3,0,14,0),(3,0,15,0),(3,0,16,0),(3,1,1,0),(3,1,2,0),(3,1,3,0),(3,1,4,0),(3,1,5,0),(3,1,12,0),(3,1,14,0),(3,1,17,0),(3,1,18,0),(3,1,19,0),(4,0,1,0),(4,0,2,0),(4,0,3,0),(4,0,4,0),(4,0,5,0),(4,0,6,0),(4,0,7,0),(4,0,8,0),(4,1,1,0),(4,1,2,0),(4,1,3,0),(4,1,4,0),(4,1,5,0),(4,1,7,0),(4,1,8,0),(4,1,9,0),(4,1,10,0),(4,1,11,0),(4,1,12,0),(5,0,1,0),(5,0,2,0),(5,0,3,0),(5,0,4,0),(5,0,5,0),(5,0,6,0),(5,1,1,0),(5,1,2,0),(5,1,3,0),(5,1,4,0),(5,1,5,0),(5,1,12,0),(5,1,20,0),(5,1,21,0),(5,1,22,0),(6,0,1,0),(6,0,2,0),(6,0,3,0),(6,0,4,0),(6,0,5,0),(6,0,6,0),(6,0,7,0),(6,0,8,0),(6,1,1,0),(6,1,2,0),(6,1,3,0),(6,1,4,0),(6,1,5,0),(6,1,6,0),(6,1,12,0),(6,1,13,0),(6,1,14,0),(6,1,22,0),(6,1,23,0),(6,1,24,0),(7,0,1,0),(7,0,2,0),(7,0,3,0),(7,0,4,0),(7,0,5,0),(7,0,6,0),(7,0,7,0),(7,0,8,0),(7,0,9,0),(7,0,11,0),(7,1,1,0),(7,1,2,0),(7,1,3,0),(7,1,4,0),(7,1,5,0),(7,1,7,0),(7,1,8,0),(7,1,9,0),(7,1,10,0),(7,1,11,0),(7,1,25,0),(8,0,1,0),(8,0,2,0),(8,0,3,0),(8,0,4,0),(8,0,5,0),(8,0,6,0),(8,1,1,0),(8,1,2,0),(8,1,3,0),(8,1,4,0),(8,1,5,0),(8,1,6,0),(8,1,7,0),(8,1,26,0),(8,1,27,0),(10,1,28,0),(10,1,29,0),(11,0,50,0),(11,0,51,0),(11,0,52,0),(11,0,53,0),(11,1,12,0),(11,1,22,0),(11,1,52,0),(11,1,54,0),(11,1,55,0),(11,1,56,0),(11,1,57,0),(11,1,58,0),(11,1,59,0),(12,0,14,0),(12,0,45,0),(12,0,46,0),(12,0,47,0),(12,0,48,0),(12,0,49,0),(12,1,12,0),(12,1,13,0),(12,1,15,0),(12,1,22,0),(12,1,58,0),(12,1,60,0),(12,1,65,0),(12,1,66,0),(13,0,14,0),(13,0,30,0),(13,0,31,0),(13,0,32,0),(13,0,33,0),(13,0,34,0),(13,0,35,0),(13,0,36,0),(13,0,44,0),(13,1,13,0),(13,1,14,0),(13,1,67,0),(13,1,68,0),(13,1,69,0),(13,1,70,0),(13,1,71,0),(14,0,37,0),(14,0,38,0),(14,0,39,0),(14,0,40,0),(14,0,41,0),(14,0,42,0),(14,0,43,0),(14,0,44,0),(14,1,12,0),(14,1,58,0),(14,1,60,0),(14,1,61,0),(14,1,62,0),(14,1,63,0),(14,1,64,0),(14,1,65,0);

/*Table structure for table `chrCostumes` */

DROP TABLE IF EXISTS `chrCostumes`;

CREATE TABLE `chrCostumes` (
  `costumeID` int(10) unsigned NOT NULL default '0',
  `costumeName` varchar(100) NOT NULL default '',
  PRIMARY KEY  (`costumeID`)
) ENGINE=InnoDB DEFAULT CHARSET=utf8;

/*Data for the table `chrCostumes` */

insert  into `chrCostumes`(`costumeID`,`costumeName`) values (1,'1'),(2,'10'),(3,'11'),(4,'12'),(5,'13'),(6,'14'),(7,'15'),(8,'16'),(9,'17'),(10,'18'),(11,'19'),(12,'2'),(13,'21'),(14,'22'),(15,'23'),(16,'24'),(17,'25'),(18,'3'),(19,'4'),(20,'8'),(21,'9'),(22,'blackLeather'),(23,'brownleather'),(24,'20'),(25,'7'),(26,'Armor 1'),(27,'Armor 2'),(28,'Armor 4'),(29,'Armor 6'),(30,'26'),(31,'27'),(32,'5'),(33,'6'),(34,'costume 2'),(35,'costume1'),(36,'Classic gown'),(37,'countess'),(38,'deep blue'),(39,'GoreTex Jacket'),(40,'Grand royal'),(41,'Grey cloak'),(42,'marquis'),(43,'Metal poncho'),(44,'night'),(45,'Purple cloak'),(46,'royal collar'),(47,'Royal collar gold'),(48,'Royal collar rouge'),(49,'Silver gown'),(50,'standard midday gown'),(51,'White cloak'),(52,'Chromearound'),(53,'Crimson abito royal'),(54,'crimson tunic'),(55,'Darkaround'),(56,'Golden robe'),(57,'Negro abito royal'),(58,'tunica'),(59,'Velvet abito royal'),(60,'Blood'),(61,'Velvet'),(62,'Black'),(63,'Bronze cura'),(64,'Bronze tyrant'),(65,'Dark cura'),(66,'gown'),(67,'Metal tinna'),(68,'sterling'),(69,'Battlearmor'),(70,'Cybertech'),(71,'Desert'),(72,'Heavy marine'),(73,'Jungle'),(74,'Special ops'),(75,'Wintercamo'),(76,'29'),(77,'30'),(78,'golden officer'),(79,'Officer'),(80,'officer green'),(81,'police'),(82,'basic metal'),(83,'Black plastic'),(84,'Blue plastic'),(85,'fly cobalt'),(86,'fly crimson'),(87,'Ice'),(88,'Leather'),(89,'metalneck'),(90,'pink as hell'),(91,'Pink plastic'),(92,'plastic'),(93,'plastic copper'),(94,'Plastic gold'),(95,'plastic ivy'),(96,'Shiny plastic'),(97,'silver'),(98,'smooth basic'),(99,'toxic'),(100,'turquoise dream'),(101,'White plastic'),(102,'2nd symmetry'),(103,'B eye plasticote'),(104,'basic T'),(105,'bronze'),(106,'centerpiece basic'),(107,'Collar turq'),(108,'crimson collar'),(109,'crimson T'),(110,'dark shine'),(111,'glam'),(112,'golden boy'),(113,'greenishplastic'),(114,'iceheart'),(115,'plasticovercote'),(116,'Purple plasticote'),(117,'sidecut flame'),(118,'sidecut swing'),(119,'symmetry sting'),(120,'twocote'),(121,'whiteplastic'),(122,'beige'),(123,'blood robe'),(124,'blue ice'),(125,'blue silk'),(126,'cloth cloth'),(127,'dark metal'),(128,'di rame verde'),(129,'elegant'),(130,'elegant colour'),(131,'elegant silver'),(132,'grey stone'),(133,'leather vest'),(134,'nature'),(135,'symmetry basic'),(136,'tin shine'),(137,'velvet basic'),(138,'verde rosso'),(139,'alchemist'),(140,'B-man'),(141,'B-man alloy'),(142,'beige B-man'),(143,'black robe'),(144,'crimson robe'),(145,'fresco'),(146,'gold extravaganza'),(147,'grendeur robe'),(148,'leisure suit'),(149,'shoulder toca'),(150,'standard robe'),(151,'suit01'),(152,'suit02'),(153,'suit03'),(154,'suit04'),(155,'01'),(156,'02'),(157,'03'),(158,'04'),(159,'05'),(160,'06'),(161,'07'),(162,'08'),(163,'09'),(164,'10'),(165,'11'),(166,'12'),(167,'13'),(168,'14'),(169,'15'),(170,'16'),(171,'17'),(172,'18'),(173,'19'),(174,'20'),(175,'21'),(176,'22'),(177,'23'),(178,'24'),(179,'25'),(180,'26'),(181,'27'),(182,'28'),(183,'29'),(184,'30'),(185,'Brown bone'),(186,'Brown transparent'),(187,'Dark golden'),(188,'Dark grey bone'),(189,'Dark grey red sleeves'),(190,'Darker grey bone'),(191,'Gray Bone Collar'),(192,'Light Gray'),(193,'R9'),(194,'R8'),(195,'R7'),(196,'R6'),(197,'R5'),(198,'R4'),(199,'R3'),(200,'R2'),(201,'R14'),(202,'R13'),(203,'R12'),(204,'R11'),(205,'R10'),(206,'R1'),(207,'Shiny nylon'),(208,'Lightgtey coat'),(209,'Grey coat'),(210,'Gray nylon'),(211,'Dark brown'),(212,'Brown shiny'),(213,'Brown nylon'),(214,'Blue nylon'),(215,'Army green'),(216,'03 better position'),(217,'02 better position'),(218,'01 right place'),(219,'White transparent sleeves'),(220,'White transparent gold'),(221,'White shirt'),(222,'Transparent sleeves smooth'),(223,'Transparent sleeves'),(224,'Red white gold'),(225,'Red silk and bronze'),(226,'Red ornaments no collar'),(227,'Red ornaments'),(228,'Red orange silk no collar'),(229,'Red orange silk'),(230,'Red and gold bone'),(231,'Purple transparent sleeves'),(232,'Dark and bronze'),(233,'Brown'),(234,'Silvery Ribbon Uniform'),(235,'Shiny leather'),(236,'Olive Ribbon Uniform'),(237,'Labcoat no headset'),(238,'Labcoat'),(239,'Grey Trenchcoat'),(240,'Grey Ribbon Uniform Headset'),(241,'Grey Ribbon Uniform'),(242,'Brown Trenchcoat'),(243,'Brown Ribbon Uniform'),(244,'Blue grey leather'),(245,'BlackTrenchcoat'),(246,'Black leather'),(247,'Shiny Cloak'),(248,'Red cloak'),(249,'Mystic Vest'),(250,'Herder Vest'),(251,'Grey leather'),(252,'Desert Vest'),(253,'Desert Cloak'),(254,'Dark Shaman Vest'),(255,'Dark Leather Vest'),(256,'Dark leather'),(257,'White Warrior Garb'),(258,'White Patrician'),(259,'White Glowing Robe'),(260,'Shiny warrior 4'),(261,'Shiny Warrior 3'),(262,'Shiny warrior 2'),(263,'Shiny warrior'),(264,'Red Warrior Garb'),(265,'Red Glowing Robe'),(266,'Light Collar 2 R'),(267,'Grey not shiny 3'),(268,'Grey not shiny 2'),(269,'Grey not shiny'),(270,'Darklight Warrior Garb'),(271,'Dark Patrician'),(272,'Tungsten'),(273,'Temp'),(274,'Silver Robe'),(275,'Silver buttons'),(276,'Royal Buttons'),(277,'Regal'),(278,'Golden buttons'),(279,'Gold Robe'),(280,'Dark Rim Robe'),(281,'Dark brushed metal'),(282,'Bronze robe'),(283,'Bronze cape');

/*Table structure for table `chrDecos` */

DROP TABLE IF EXISTS `chrDecos`;

CREATE TABLE `chrDecos` (
  `decoID` int(10) unsigned NOT NULL default '0',
  `decoName` varchar(100) NOT NULL default '',
  PRIMARY KEY  (`decoID`)
) ENGINE=InnoDB DEFAULT CHARSET=utf8;

/*Data for the table `chrDecos` */

insert  into `chrDecos`(`decoID`,`decoName`) values (1,'1'),(2,'10'),(3,'11'),(4,'14'),(5,'15'),(6,'16'),(7,'2'),(8,'3'),(9,'4'),(10,'5'),(11,'6'),(12,'7'),(13,'8'),(14,'9'),(15,'Cheeks dark'),(16,'Cheeks metal'),(17,'Forehead'),(18,'none'),(19,'Red dragon'),(20,'Red flowers'),(21,'Silverdragon'),(22,'12'),(23,'13'),(24,'17'),(25,'18'),(26,'19'),(27,'20'),(28,'21'),(29,'22'),(30,'23'),(31,'Black tribe'),(32,'Chrome'),(33,'Copper'),(34,'Gold chin'),(35,'Spike tattoo'),(36,'Spikes gold'),(37,'White chin'),(38,'Jester bloodred'),(39,'Jester Gold'),(40,'Jester lead'),(41,'Lead singleside'),(42,'Singleside blood'),(43,'Singleside white'),(44,'Star transparent'),(45,'Unnamed'),(46,'Crimson shell'),(47,'Crimson tears'),(48,'Crimson vail'),(49,'Gold emblem'),(50,'Gold pins'),(51,'Golden shell'),(52,'Platininum'),(53,'Silverstream'),(54,'Wing front'),(55,'Wings of gold'),(56,'Emblem'),(57,'Forehead gold'),(58,'Forehead titanium'),(59,'Gold implant'),(60,'Gold knobs'),(61,'Gold point'),(62,'Gold trim'),(63,'wings'),(64,'claw'),(65,'delecate'),(66,'hulin'),(67,'Shell'),(68,'Tigris'),(69,'Twin'),(70,'widow'),(71,'Bronze implant'),(72,'Bronze sting'),(73,'Dark emblem'),(74,'Dark wings'),(75,'Metal implant'),(76,'-none'),(77,'Black spikes'),(78,'Cheek spikes'),(79,'Cheek stripes'),(80,'Golden star'),(81,'Implant'),(82,'Silver star'),(83,'24'),(84,'25'),(85,'26'),(86,'27'),(87,'28'),(88,'29'),(89,'30'),(90,'31'),(91,'32'),(92,'34'),(93,'35'),(94,'36'),(95,'37'),(96,'Dark flare'),(97,'Flare'),(98,'Sidechrome'),(99,'White dots'),(100,'i3'),(101,'i5'),(102,'Tattoo Strips 2'),(103,'Tattoo Strips'),(104,'Tattoo 2'),(105,'Tattoo 1'),(106,'None'),(107,'Forehead Symbol'),(108,'Cheek Symbol'),(109,'Water Tattoo'),(110,'Water red'),(111,'Water dark'),(112,'Warrior Tattoo'),(113,'Warrior 2'),(114,'War Paint'),(115,'Side tatto mirror'),(116,'Side tatto'),(117,'Shaman Tattoo'),(118,'Fangs Tattoo 2'),(119,'Fangs Tattoo'),(120,'Facial Scars'),(121,'Eye Scar'),(122,'Blood side mirror'),(123,'Blood side'),(124,'Forehead Tattoo Right'),(125,'Forehead Tattoo Left'),(126,'Cheek Tattoo Right'),(127,'Cheek Tattoo Left'),(128,'Warrior Tatto mirrored'),(129,'Scar Eye'),(130,'Scar Cheek'),(131,'Implant2'),(132,'Implant1'),(133,'Implant 2 mirror'),(134,'Grim Tattoo'),(135,'Golden tattoo mirror'),(136,'Golden tattoo');

/*Table structure for table `chrDepartments` */

DROP TABLE IF EXISTS `chrDepartments`;

CREATE TABLE `chrDepartments` (
  `schoolID` int(10) unsigned NOT NULL default '0',
  `departmentID` int(10) unsigned NOT NULL default '0',
  `departmentName` varchar(100) NOT NULL default '',
  `description` mediumtext NOT NULL,
  `skillTypeID1` int(10) unsigned NOT NULL default '0',
  `skillTypeID2` int(10) unsigned NOT NULL default '0',
  `skillTypeID3` int(10) unsigned NOT NULL default '0',
  `graphicID` int(10) unsigned NOT NULL default '0',
  PRIMARY KEY  (`departmentID`)
) ENGINE=InnoDB DEFAULT CHARSET=utf8;

/*Data for the table `chrDepartments` */

insert  into `chrDepartments`(`schoolID`,`departmentID`,`departmentName`,`description`,`skillTypeID1`,`skillTypeID2`,`skillTypeID3`,`graphicID`) values (11,1,'Gunnery','(Buffer)',3429,3300,3426,1432),(11,2,'Operations','(Buffer)',3331,3348,3375,1433),(12,3,'Science','(Buffer)',3402,3377,3403,1434),(12,4,'Business','Might makes right and in this day and age money is where the might lies. Acute businessmen abound and the only way to beat them is at their own game. Once you understand what drives the market you\'re halfway home to earning your first million.',3443,3376,3355,1435),(13,5,'Engineering','(Buffer)',3413,3426,3402,1436),(13,6,'Industry','(Buffer)',3380,3378,3385,1437),(14,7,'Gunnery','(Buffer)',3300,3426,3429,1432),(14,8,'Operations','(Buffer)',3329,3348,3327,1433),(15,9,'Science','(Buffer)',3402,3377,3403,1434),(15,10,'Business','Might makes right and in this day and age money is where the might lies. Acute businessmen abound and the only way to beat them is at their own game. Once you understand what drives the market you\'re halfway home to earning your first million.',3443,3376,3355,1435),(16,11,'Engineering','(Buffer)',3413,3378,3402,1436),(16,12,'Industry','(Buffer)',3380,3392,3386,1437),(17,13,'Gunnery','(Buffer)',3300,3429,3426,1432),(17,14,'Operations','(Buffer)',3330,3348,3375,1433),(18,15,'Science','(Buffer)',3402,3377,3403,1434),(18,16,'Business','Might makes right and in this day and age money is where the might lies. Acute businessmen abound and the only way to beat them is at their own game. Once you understand what drives the market you\'re halfway home to earning your first million.',3443,3355,3376,1435),(19,17,'Engineering','(Buffer)',3413,3402,3426,1436),(19,18,'Industry','(Buffer)',3386,3392,3380,1437),(20,19,'Gunnery','(Buffer)',3300,3429,3426,1432),(20,20,'Operations','(Buffer)',3328,3348,3375,1433),(21,21,'Science','(Buffer)',3402,3403,3377,1434),(21,22,'Business','Might makes right and in this day and age money is where the might lies. Acute businessmen abound and the only way to beat them is at their own game. Once you understand what drives the market you\'re halfway home to earning your first million.',3443,3376,3355,1435),(22,23,'Engineering','(Buffer)',3413,3402,3426,1436),(22,24,'Industry','(Buffer)',3380,3392,3386,1437),(23,25,'Business','Might makes right and in this day and age money is where the might lies. Acute businessmen abound and the only way to beat them is at their own game. Once you understand what drives the market you\'re halfway home to earning your first million.',3443,3355,3376,1435),(23,26,'Science','(Buffer)',3377,3402,3403,1434),(24,27,'Engineering','(Buffer)',3413,3426,3402,1436),(24,28,'Industry','(Buffer)',3380,3385,3378,1437),(25,29,'Gunnery','(Buffer)',3300,3429,3426,1432),(25,30,'Operations','(Buffer)',3755,3348,3375,1433);

/*Table structure for table `chrEyebrows` */

DROP TABLE IF EXISTS `chrEyebrows`;

CREATE TABLE `chrEyebrows` (
  `eyebrowsID` int(10) unsigned NOT NULL default '0',
  `eyebrowsName` varchar(100) NOT NULL default '',
  PRIMARY KEY  (`eyebrowsID`)
) ENGINE=InnoDB DEFAULT CHARSET=utf8;

/*Data for the table `chrEyebrows` */

insert  into `chrEyebrows`(`eyebrowsID`,`eyebrowsName`) values (1,'1'),(2,'10'),(3,'11'),(4,'2'),(5,'3'),(6,'4'),(7,'5'),(8,'6'),(9,'7'),(10,'8'),(11,'9'),(12,'Normal'),(13,'Strong'),(14,'13'),(15,'14'),(16,'12'),(17,'Light'),(18,'None'),(19,'Blonde Thin'),(20,'Delicate brown'),(21,'Evil'),(22,'Evil brown'),(23,'Small black curve'),(24,'Thin black curve'),(25,'Thin white'),(26,'Wicked blond'),(27,'Hairy'),(28,'Heavy'),(29,'07'),(30,'08'),(31,'09'),(32,'Black heavy'),(33,'Normal heavy'),(34,'Thin'),(35,'Thin black'),(36,'15'),(37,'16'),(38,'Med black'),(39,'Black straight'),(40,'Thin straight 2'),(41,'Thin black 2'),(42,'Med curve'),(43,'Thin straight'),(44,'Thin dark'),(45,'Thin black2'),(46,'Med curve 2'),(47,'Pearl strong'),(48,'Pearl medium'),(49,'Pearl'),(50,'none'),(51,'Grey Ruffled'),(52,'Grey Medium'),(53,'Dark Thin Stern'),(54,'Dark Thin Long'),(55,'Dark Thin'),(56,'Dark Thick'),(57,'Dark Stern'),(58,'Dark Small Thin'),(59,'Dark Short Thick'),(60,'Dark Ruffled'),(61,'Dark Medium 2'),(62,'Dark Medium'),(63,'Dark Grey Thick'),(64,'Brown Medium'),(65,'Thin Grey'),(66,'Thin Dark'),(67,'Thin Brown'),(68,'Thick Dark'),(69,'Thick Brown'),(70,'Short Dark'),(71,'Ruffled Grey'),(72,'Ruffled Dark'),(73,'Medium Dark'),(74,'Arched Dark'),(75,'Arched Brown'),(76,'Angled Dark'),(77,'Grey Thin'),(78,'Dark Very Thin'),(79,'Dark Thin Cunning'),(80,'Dark Fuzzy'),(81,'Brown Thin'),(82,'Brown Thick');

/*Table structure for table `chrEyes` */

DROP TABLE IF EXISTS `chrEyes`;

CREATE TABLE `chrEyes` (
  `eyesID` int(10) unsigned NOT NULL default '0',
  `eyesName` varchar(100) NOT NULL default '',
  PRIMARY KEY  (`eyesID`)
) ENGINE=InnoDB DEFAULT CHARSET=utf8;

/*Data for the table `chrEyes` */

insert  into `chrEyes`(`eyesID`,`eyesName`) values (1,'BlueV2'),(2,'Brightgrey'),(3,'BrownV2'),(4,'Darkgreen'),(5,'Darkgrey'),(6,'Deep brown'),(7,'Deep ocean'),(8,'GoldenV2'),(9,'Greengraybright'),(10,'Moss'),(11,'Redbrown'),(12,'Reptile'),(13,'Stinging blue'),(14,'Stinging green'),(15,'Stinging grey'),(16,'Stinging greyblue'),(17,'Natural green'),(18,'Gold'),(19,'Grey'),(20,'Greyblue'),(21,'Orange'),(22,'Yellow'),(23,'Moss brown'),(24,'Friendly deep brown'),(25,'Dark grey'),(26,'Stinging beige'),(27,'Moss friendly'),(28,'Lightbrown'),(29,'Deepbrown'),(30,'Browngreen'),(31,'Very dark hirefract 2'),(32,'Very dark hirefract'),(33,'Light grey hirefract'),(34,'Greyish'),(35,'Grey brown'),(36,'Golden grey'),(37,'Brownred hirefract'),(38,'Brown'),(39,'Bright yellow'),(40,'Bright grey'),(41,'Standard'),(42,'Small pupil brown'),(43,'Serpent'),(44,'Orange brown'),(45,'Dark brown');

/*Table structure for table `chrHairs` */

DROP TABLE IF EXISTS `chrHairs`;

CREATE TABLE `chrHairs` (
  `hairID` int(10) unsigned NOT NULL default '0',
  `hairName` varchar(100) NOT NULL default '',
  PRIMARY KEY  (`hairID`)
) ENGINE=InnoDB DEFAULT CHARSET=utf8;

/*Data for the table `chrHairs` */

insert  into `chrHairs`(`hairID`,`hairName`) values (1,'1'),(2,'2'),(3,'3'),(4,'4'),(5,'5'),(6,'Dreadlocks'),(7,'Dreads golden'),(8,'Read dreads'),(9,'Short dreads'),(10,'10'),(11,'6'),(12,'7'),(13,'8'),(14,'9'),(15,'Backwards bone'),(16,'None'),(17,'Snakes'),(18,'Tail with bones'),(19,'Wild'),(20,'11'),(21,'Brown snake'),(22,'Dark brown swoosh'),(23,'Mohawk'),(24,'Purple snake'),(25,'Red snake'),(26,'Ritual'),(27,'Short blonde'),(28,'Silvergray'),(29,'Silvery'),(30,'Tribal'),(31,'Albino metal'),(32,'Black mohawk'),(33,'Golden shaved'),(34,'Jester'),(35,'Long tail'),(36,'Red mohawk'),(37,'Short black spikes'),(38,'3rd eye red'),(39,'Basic blonde'),(40,'Basic umber'),(41,'Blonde tails'),(42,'Dark'),(43,'Dark gold'),(44,'Golden studs'),(45,'Gray tails'),(46,'Long'),(47,'Ornamental'),(48,'Traditional dark'),(49,'Traditional gray'),(50,'High'),(51,'Point'),(52,'sides'),(53,'Slick knot'),(54,'Wild sides'),(55,'Black'),(56,'Crimson Hijab'),(57,'Dark long'),(58,'Dark ornamental'),(59,'Darker'),(60,'Darker gold'),(61,'Tail gold'),(62,'Tail metal'),(63,'Traditional gold'),(64,'Traditional metal'),(65,'Velvet'),(66,'Wild elegance'),(67,'Dark wild'),(68,'Knot'),(69,'Short black'),(70,'Short silver'),(71,'Sticks'),(72,'Subtle sides'),(73,'Blonde loose'),(74,'Copper'),(75,'Golden'),(76,'Pink loose'),(77,'Red dreads'),(78,'Red loose'),(79,'Shaven'),(80,'Short brown'),(81,'Short red'),(82,'12'),(83,'13'),(84,'Blackjack'),(85,'Bleached'),(86,'Darkjack'),(87,'Greybrown'),(88,'Shave'),(89,'White'),(90,'14'),(91,'15'),(92,'Luminant'),(93,'Rose'),(94,'Black slick'),(95,'Blonde'),(96,'Brown slick'),(97,'Grey slick'),(98,'Light brown'),(99,'Aqua dark'),(100,'Blue'),(101,'Blue sides'),(102,'Flame Flamboyance'),(103,'Golden feathers'),(104,'Red feathers'),(105,'Silver feathers'),(106,'wild flame'),(107,'aurantium'),(108,'caldaristyle1'),(109,'caldaristyle2'),(110,'caldaristyle3'),(111,'caldaristyle4'),(112,'caldaristyle5'),(113,'flimtop'),(114,'fuchsin'),(115,'fuzztop'),(116,'Mr brunette'),(117,'Pink fuzztop'),(118,'redtop'),(119,'silver'),(120,'Toxic egghead'),(121,'toxic trauma'),(122,'viridian front'),(123,'16'),(124,'blond_sidemetals'),(125,'brunette _sidegold'),(126,'chromefront'),(127,'dark_oceano'),(128,'unigold_rouge'),(129,'Dark and long'),(130,'Long blonde'),(131,'Medium'),(132,'joveHair'),(133,'01'),(134,'02'),(135,'03'),(136,'04'),(137,'05'),(138,'06'),(139,'07'),(140,'08'),(141,'09'),(142,'10'),(143,'11'),(144,'12'),(145,'13'),(146,'14'),(147,'15'),(148,'16'),(149,'17'),(150,'18'),(151,'19'),(152,'20'),(153,'21'),(154,'22'),(155,'23'),(156,'24'),(157,'25'),(158,'26'),(159,'27'),(160,'28'),(161,'29'),(162,'30'),(163,'Pitch black'),(164,'Red knots'),(165,'Red plastic ornament'),(166,'Red sideways'),(167,'Red straight'),(168,'Ornamental hair'),(169,'Ornamental black hair'),(170,'hipurple'),(171,'Black blown'),(172,'Golden brown'),(173,'Black glossy'),(174,'ImplantHair2'),(175,'ImplantHair'),(176,'Greybrown straight'),(177,'Grey'),(178,'Dark straight'),(179,'Brown straight'),(180,'Black straight'),(181,'Pitch black sideways'),(182,'Pitch black knots'),(183,'Golden brown sideways'),(184,'Golden Brown no ornament'),(185,'Golden brown knots'),(186,'Golden Brown'),(187,'Brown with copper ornaments'),(188,'Brown plastic ornament'),(189,'Brown'),(190,'Greybrown shiny'),(191,'Grey shiny 2'),(192,'Grey shiny'),(193,'Dark matte'),(194,'Dark Grey Combed Hair'),(195,'Brown high'),(196,'Black matte 2'),(197,'Black matte'),(198,'Black Combed Hair'),(199,'Bald'),(200,'Long ultrashine'),(201,'Long lowshine'),(202,'Long grey lowshine'),(203,'Long dark shiny'),(204,'High Dark Shiny'),(205,'Dark high'),(206,'White Warrior Headpiece 2'),(207,'White Warrior Headpiece'),(208,'Superbright Helmet'),(209,'Shiny bronze hairpiece'),(210,'Red Warrior Headpiece'),(211,'Helmet 1'),(212,'Grey Hair'),(213,'Darklight Warrior Headpiece'),(214,'Dark brown fan'),(215,'Bronze helmet'),(216,'Black hair'),(217,'Silver Hood'),(218,'Nocturnal Hood'),(219,'Long Grey Golden'),(220,'Long Dark Silver'),(221,'Long Dark Sidehair'),(222,'Long Dark Golden'),(223,'Long Black Silver'),(224,'Gold Hood'),(225,'Dark Rim Hood'),(226,'Dark Border Hood'),(227,'Bronze Hood'),(228,'Bald Grey'),(229,'Bald dark');

/*Table structure for table `chrLights` */

DROP TABLE IF EXISTS `chrLights`;

CREATE TABLE `chrLights` (
  `lightID` int(10) unsigned NOT NULL default '0',
  `lightName` varchar(100) NOT NULL default '',
  PRIMARY KEY  (`lightID`)
) ENGINE=InnoDB DEFAULT CHARSET=utf8;

/*Data for the table `chrLights` */

insert  into `chrLights`(`lightID`,`lightName`) values (1,'Backlit'),(2,'Blue'),(3,'Blue night'),(4,'Coolblue'),(5,'Drama sidelights'),(6,'Flashlight'),(7,'Icy'),(8,'Moonlight'),(9,'Nocturne'),(10,'Overcast'),(11,'Pale yellow backlit'),(12,'Red alert'),(13,'Sidelight'),(14,'Singleside'),(15,'Soft'),(16,'Soft sidelight'),(17,'Softly'),(18,'Studiolights'),(19,'UnderlitV2'),(20,'Yellowsidelights');

/*Table structure for table `chrLipsticks` */

DROP TABLE IF EXISTS `chrLipsticks`;

CREATE TABLE `chrLipsticks` (
  `lipstickID` int(10) unsigned NOT NULL default '0',
  `lipstickName` varchar(100) NOT NULL default '',
  PRIMARY KEY  (`lipstickID`)
) ENGINE=InnoDB DEFAULT CHARSET=utf8;

/*Data for the table `chrLipsticks` */

insert  into `chrLipsticks`(`lipstickID`,`lipstickName`) values (1,'1'),(2,'2'),(3,'3'),(4,'4'),(5,'5'),(6,'6'),(7,'Black gloss'),(8,'Blue punk'),(9,'Copperred'),(10,'Crimson'),(11,'Flaming lips'),(12,'Gloss'),(13,'Gold'),(14,'Golden gloss'),(15,'Luminant blue'),(16,'Metallic diffused'),(17,'None'),(18,'Red gloss'),(19,'Soft darkred'),(20,'Soft purple'),(21,'Taste of blood'),(22,'14'),(23,'15'),(24,'7'),(25,'8'),(26,'9'),(27,'Rose metal'),(28,'Bourgogne gloss'),(29,'Dark purple'),(30,'Glossy'),(31,'Pale rose'),(32,'Purple gloss'),(33,'Rose'),(34,'Rust'),(35,'Velvet light'),(36,'White dot'),(37,'10'),(38,'12'),(39,'-none'),(40,'Grey gloss'),(41,'Lead'),(42,'11'),(43,'13'),(44,'16'),(45,'17'),(46,'Bright purple'),(47,'Purple glossy'),(48,'Subtle glossy purple'),(49,'Subtle glossy pink'),(50,'Subtle'),(51,'Softgloss'),(52,'Soft Rose'),(53,'Glossy rose'),(54,'Glossy pink'),(55,'Subtle gloss'),(56,'pink gloss'),(57,'Heavy glossy'),(58,'grey'),(59,'Glossy red'),(60,'Fiery red'),(61,'Supergloss'),(62,'Subtle pink'),(63,'subtle bronzy'),(64,'Pink superglossy'),(65,'Pink glossy'),(66,'Pink'),(67,'Dark brown glossy'),(68,'Crimson supergloss');

/*Table structure for table `chrMakeups` */

DROP TABLE IF EXISTS `chrMakeups`;

CREATE TABLE `chrMakeups` (
  `makeupID` int(10) unsigned NOT NULL default '0',
  `makeupName` varchar(100) NOT NULL default '',
  PRIMARY KEY  (`makeupID`)
) ENGINE=InnoDB DEFAULT CHARSET=utf8;

/*Data for the table `chrMakeups` */

insert  into `chrMakeups`(`makeupID`,`makeupName`) values (1,'1'),(2,'10'),(3,'11'),(4,'2'),(5,'3'),(6,'4'),(7,'5'),(8,'7'),(9,'9'),(10,'Black jester'),(11,'Dark jester'),(12,'Feline'),(13,'Mercury'),(14,'Mercury black'),(15,'Metal feline'),(16,'None'),(17,'Redmetal feline'),(18,'Silver stripes'),(19,'Subtle bronze'),(20,'6'),(21,'8'),(22,'Blue shade'),(23,'Crimson pins'),(24,'Decorative grand red'),(25,'Decorative red'),(26,'Golden vail'),(27,'Mad purple'),(28,'Mad red'),(29,'Mad rust'),(30,'rust'),(31,'Silver feline'),(32,'Silvershade'),(33,'Subtle shade'),(34,'Velvet'),(35,'13'),(36,'-none'),(37,'12'),(38,'14'),(39,'15'),(40,'20'),(41,'21'),(42,'22'),(43,'23'),(44,'Black beams'),(45,'Dark mercury'),(46,'Green beams'),(47,'16'),(48,'17'),(49,'18'),(50,'19'),(51,'Green beams'),(52,'Aqua stripes'),(53,'Blue shine'),(54,'Blue stripes'),(55,'Golden stripes'),(56,'Greenshade'),(57,'Purple metal'),(58,'Red metal stripes'),(59,'Red shade'),(60,'Brownl high'),(61,'Dark high'),(62,'Dark lashes'),(63,'Eyeliner'),(64,'Metal high'),(65,'Strong feline'),(66,'Subtle feline'),(67,'Subtle flame'),(68,'Dark overcast'),(69,'Subtle green'),(70,'Shade'),(71,'Heavy bronze'),(72,'Dark moss'),(73,'Dark feline'),(74,'BlueShade'),(75,'Black feline'),(76,'Brown lashes');

/*Table structure for table `chrSkins` */

DROP TABLE IF EXISTS `chrSkins`;

CREATE TABLE `chrSkins` (
  `skinID` int(10) unsigned NOT NULL default '0',
  `skinName` varchar(100) NOT NULL default '',
  PRIMARY KEY  (`skinID`)
) ENGINE=InnoDB DEFAULT CHARSET=utf8;

/*Data for the table `chrSkins` */

insert  into `chrSkins`(`skinID`,`skinName`) values (1,'1'),(2,'2'),(3,'3'),(4,'4'),(5,'5'),(6,'6'),(7,'7'),(8,'8'),(9,'10'),(10,'11'),(11,'9'),(12,'Normal'),(13,'Bright'),(14,'Pale'),(15,'Smooth'),(16,'Tan'),(17,'Ancient'),(18,'Contrasted'),(19,'Old'),(20,'Golden'),(21,'regular'),(22,'Sick'),(23,'Dark'),(24,'Caldari'),(25,'12'),(26,'glossy'),(27,'oily'),(28,'veins'),(29,'redveins'),(30,'Asian 1'),(31,'Brown smooth'),(32,'Brown'),(33,'Fair asian'),(34,'Fair'),(35,'Fairest'),(36,'Normal shiny'),(37,'Very bright'),(38,'Smooth pale'),(39,'Smooth asian'),(40,'Fair shiny 2'),(41,'Fair shiny'),(42,'Brown shiny'),(43,'Asian 3'),(44,'Asian 2'),(45,'Soft pale'),(46,'Soft dark asian'),(47,'Soft asian'),(48,'Reynir'),(49,'Japanes'),(50,'Normal smooth'),(51,'Normal glossy'),(52,'Glossy asian'),(53,'Asian glossy 2'),(54,'Smooth lowgloss'),(55,'Smooth glossy'),(56,'Lowgloss'),(57,'Hi contrast gloss'),(58,'Glossy'),(59,'Dark tone'),(60,'Smooth contrast'),(61,'Middle east dark'),(62,'Glossy 2'),(63,'Asian light'),(64,'Asian dark'),(65,'Asian'),(66,'Hicontrast'),(67,'Tanned'),(68,'Nocturnal'),(69,'Light asian'),(70,'Dark asian'),(71,'Casual');

/*Table structure for table `factionRaces` */

DROP TABLE IF EXISTS `factionRaces`;

CREATE TABLE `factionRaces` (
  `factionID` int(10) unsigned NOT NULL default '0',
  `raceID` int(10) unsigned NOT NULL default '0',
  PRIMARY KEY  (`factionID`,`raceID`)
) ENGINE=InnoDB DEFAULT CHARSET=utf8;

/*Data for the table `factionRaces` */

insert  into `factionRaces`(`factionID`,`raceID`) values (500001,1),(500002,2),(500003,4),(500004,8),(500005,16),(500006,1),(500006,2),(500006,4),(500006,8),(500007,2),(500008,4),(500009,8),(500010,1),(500010,8),(500011,1),(500011,2),(500011,4),(500011,8),(500012,4),(500013,1),(500013,2),(500013,4),(500013,8),(500014,8),(500015,2),(500016,1),(500016,2),(500016,4),(500016,8),(500017,16),(500018,1),(500018,8),(500019,1),(500019,2),(500019,4),(500019,8),(500020,1),(500021,1),(500021,2),(500021,4),(500021,8),(500021,16);

/*Table structure for table `intro` */

DROP TABLE IF EXISTS `intro`;

CREATE TABLE `intro` (
  `langID` varchar(2) NOT NULL,
  `textgroup` int(10) unsigned NOT NULL,
  `textLabel` varchar(10) NOT NULL,
  `text` text NOT NULL,
  KEY `textLabel` (`textLabel`)
) ENGINE=MyISAM DEFAULT CHARSET=utf8;

/*Data for the table `intro` */

insert  into `intro`(`langID`,`textgroup`,`textLabel`,`text`) values ('EN',4,'G_EI_01_01','Earth'),('EN',4,'G_EI_01_02','A world outgrown'),('EN',4,'G_EI_01_03','scarred by war and burdened with the advance of our ancestors'),('EN',4,'G_EI_01_04','compelled the first voyages across space'),('EN',4,'G_EI_01_05','in a desperate quest to colonize other worlds'),('EN',4,'G_EI_02_01','Space.'),('EN',4,'G_EI_02_02','Its timeless boundaries and infinite horizons'),('EN',4,'G_EI_02_03','forged the creation of stargates'),('EN',4,'G_EI_02_04','that could bridge the immense distances between the stars'),('EN',4,'G_EI_03_01','Through mastery of this technology'),('EN',4,'G_EI_03_02','mankind ventured deeper into the cosmos'),('EN',4,'G_EI_03_03','Ruthless corporations rose to power'),('EN',4,'G_EI_03_04','seizing every world within their grasp'),('EN',4,'G_EI_03_05','When the stargates could take them no further'),('EN',4,'G_EI_03_06','they turned against each other'),('EN',4,'G_EI_03_07','igniting conflicts that would last for centuries'),('EN',4,'G_EI_04_01','The battles raged until the historic discovery of a natural wormhole'),('EN',4,'G_EI_04_02','A celestial womb through which civilization would be reborn'),('EN',4,'G_EI_04_03','The first brave pioneers to enter this portal emerged unscathed'),('EN',4,'G_EI_04_04','transported instantly across the universe'),('EN',4,'G_EI_04_05','to a virgin system they called New Eden'),('EN',4,'G_EI_04_06','Millions of colonists soon followed in their wake'),('EN',4,'G_EI_04_07','lured by the vision of paradise'),('EN',4,'G_EI_04_08','through the astral gateway known as EVE'),('EN',4,'G_EI_05_01','Spreading outwards among the stars'),('EN',4,'G_EI_05_02','they embraced EVE with the greatest of expectations'),('EN',4,'G_EI_05_03','the highest of hopes and the boldest of dreams'),('EN',4,'G_EI_05_04','When one day...'),('EN',4,'G_EI_05_05','Nature conspired with fate...'),('EN',4,'G_EI_05_06','to breed the cruelest nightmare of all'),('EN',4,'G_EI_06_01','The wormhole leading to New Eden collapsed'),('EN',4,'G_EI_06_02','severing young colonies from the home worlds which sustained them'),('EN',4,'G_EI_06_03','It was the beginning of a dark age'),('EN',4,'G_EI_06_04','that would erase civilization as it was known to be'),('EN',4,'G_EI_07_01','As the accumulated knowledge of millennia slowly eroded'),('EN',4,'G_EI_07_02','the unfinished worlds of EVE became the graveyards of millions'),('EN',4,'G_EI_07_03','On the few planets that could sustain life'),('EN',4,'G_EI_07_04','the last remnants of our race struggled to adapt and survive'),('EN',4,'G_EI_08_01','In time, society was reborn'),('EN',4,'G_EI_08_02','and the memories of our past transformed into legend and myth'),('EN',4,'G_EI_09_01','The first to emerge from the darkness were the Amarr'),('EN',4,'G_EI_09_02','a monotheistic race fervently committed to their faith'),('EN',4,'G_EI_09_03','They reinvented space flight and soon discovered they were not alone'),('EN',4,'G_EI_10_01','The Amarrians encountered the Minmatar race'),('EN',4,'G_EI_10_02','dismissing them as primitive barbarians destined for a life of slavery'),('EN',4,'G_EI_10_03','Moving quickly to subjugate them'),('EN',4,'G_EI_10_04','they launched a merciless crusade against the Minmatar worlds'),('EN',4,'G_EI_11_01','At the same time, the Gallente race flourished nearby'),('EN',4,'G_EI_11_02','They created the first democratic republic of the new era'),('EN',4,'G_EI_11_03','and established a regional federation of independent states'),('EN',4,'G_EI_12_01','The Caldari emerged as the strongest state among them'),('EN',4,'G_EI_12_02','driven by the relentless pursuit of economic and military might'),('EN',4,'G_EI_12_03','Their nationalist ideals soon clashed with Gallente liberalism'),('EN',4,'G_EI_13_01','Destruction and suffering once again'),('EN',4,'G_EI_13_02','became the defining essence of our civilization'),('EN',4,'G_EI_13_03','Four races... '),('EN',4,'G_EI_13_04','torn apart by two horrific wars'),('EN',4,'G_EI_13_05','When all that remained were the smoldering ruins'),('EN',4,'G_EI_13_06','of lost cities and shattered lives'),('EN',4,'G_EI_13_07','a universal truce was declared to end the despair'),('EN',4,'G_EI_14_01','For more than a century the races of EVE have coexisted in relative peace'),('EN',4,'G_EI_14_02','Prosperity and the pursuit of wealth govern the mission of mankind'),('EN',4,'G_EI_15_01','We have a destiny to meet...'),('EN',4,'G_EI_15_02','and the courage of our pilots will show us the path'),('EN',4,'G_EI_15_03','On the strength of your wings the fate of empires'),('EN',4,'G_EI_15_04','and the hopes of worlds will be decided'),('EN',4,'G_EI_15_05','Take control of the destiny that is rightfully yours');

/*Table structure for table `languages` */

DROP TABLE IF EXISTS `languages`;

CREATE TABLE `languages` (
  `languageID` varchar(2) NOT NULL default '',
  `languageName` varchar(100) NOT NULL default '',
  `translatedLanguageName` varchar(22) character set utf8 collate utf8_bin NOT NULL default '',
  PRIMARY KEY  (`languageID`)
) ENGINE=InnoDB DEFAULT CHARSET=utf8;

/*Data for the table `languages` */

insert  into `languages`(`languageID`,`languageName`,`translatedLanguageName`) values ('DE','German','Deutsch'),('EN','English','English'),('ES','Spanish','Espaol'),('FR','French','Franais'),('IS','Icelandic',''),('IT','Italian','Italiano'),('JA','Japanese',''),('KO','Korean',''),('PT','Portuguese','Portugus'),('RU','Russian',' ^DC^DA^DA^D:^D8^D9^D'),('ZH','Chinese','-N^');

/*Table structure for table `market_keyMap` */

DROP TABLE IF EXISTS `market_keyMap`;

CREATE TABLE `market_keyMap` (
  `accountKey` int(10) unsigned NOT NULL default '0',
  `accountType` varchar(100) NOT NULL default '',
  `accountName` varchar(100) NOT NULL default '',
  `description` varchar(100) NOT NULL default '',
  PRIMARY KEY  (`accountKey`)
) ENGINE=InnoDB DEFAULT CHARSET=utf8;

/*Data for the table `market_keyMap` */

insert  into `market_keyMap`(`accountKey`,`accountType`,`accountName`,`description`) values (1000,'A','cash',''),(1100,'A','property',''),(1500,'A','escrow',''),(1800,'A','receivables',''),(2000,'L','payables',''),(2010,'L','gold',''),(2900,'L','equity',''),(3000,'R','sales',''),(4000,'C','purchases','');

/*Table structure for table `market_reftypes` */

DROP TABLE IF EXISTS `market_refTypes`;

CREATE TABLE `market_refTypes` (
  `refTypeID` int(10) unsigned NOT NULL default '0',
  `refTypeText` varchar(100) NOT NULL default '',
  `description` mediumtext NOT NULL,
  PRIMARY KEY  (`refTypeID`)
) ENGINE=InnoDB DEFAULT CHARSET=utf8;

/*Data for the table `market_refTypes` */

insert  into `market_refTypes`(`refTypeID`,`refTypeText`,`description`) values (0,'Undefined',''),(1,'Player Trading',''),(2,'Market Transaction',''),(3,'GM Cash Transfer',''),(4,'ATM Withdraw',''),(5,'ATM Deposit',''),(6,'Backward Compatible',''),(7,'Mission Reward',''),(8,'Clone Activation',''),(9,'Inheritance',''),(10,'Player Donation','Player gave cash to another owner'),(11,'Corporation Payment','CEO or Accountant transferred cash  from corp. account'),(12,'Docking Fee',''),(13,'Office Rental Fee',''),(14,'Factory Slot Rental Fee',''),(15,'Repair Bill',''),(16,'Bounty','Player gave cash to someone\'s  bounty pool'),(17,'Bounty Prize','Player got bounty prize for killing someone'),(18,'Agents_temporary','TEMP'),(19,'Insurance',''),(20,'Mission Expiration',''),(21,'Mission Completion',''),(22,'Shares',''),(23,'Courier Mission Escrow',''),(24,'Mission Cost',''),(25,'Agent Miscellaneous','Agent paid you'),(26,'Miscellaneous Payment To Agent','You paid agent'),(27,'Agent Location Services','You paid agent to locate somebody'),(28,'Agent Donation','You donated/bribed the agent'),(29,'Agent Security Services','You paid agent to clean your rep'),(30,'Agent Mission Collateral Paid','You gave agent collateral for a mission'),(31,'Agent Mission Collateral Refunded','The agent returned collateral to you'),(32,'Agents_preward','The agent gave you this when you accepted the mission'),(33,'Agent Mission Reward','The agent gave you this as a reward'),(34,'Agent Mission Time Bonus Reward','The agent gave you this as a special reward for fast mission completion'),(35,'CSPA','CONCORD Spam Prevention Act'),(36,'CSPAOfflineRefund','Refunded CSPA charge because the other party was not online'),(37,'Corporation Account Withdrawal','Withdrawal from corporation account'),(38,'Corporation Dividend Payment',''),(39,'Corporation Registration Fee',''),(40,'Corporation Logo Change Cost',''),(41,'Release Of Impounded Property','Charge for the receipt of goods from a corporation hangar that is no longer rented'),(42,'Market Escrow',''),(43,'Agent Services Rendered','For miscellaneous services rendered by the agent'),(44,'Market Fine Paid',''),(45,'Corporation Liquidation','Funds from the liquidation of a corporation to a shareholder'),(46,'Broker fee',''),(47,'Corporation Bulk Payment','A payment from a corporation'),(48,'Alliance Registration Fee',''),(49,'War Fee',''),(50,'Alliance Maintainance Fee',''),(51,'Contraband Fine',''),(52,'Clone Transfer',''),(53,'Acceleration Gate Fee',''),(54,'Transaction Tax','Sales tax paid to the SCC for any transaction'),(55,'Jump Clone Installation Fee',''),(56,'Manufacturing','Installation and runtime cost for a manufacturing job'),(57,'Researching Technology','Installation and runtime cost for a technological research job'),(58,'Researching Time Productivity','Installation and runtime cost for a time productivity research job'),(59,'Researching Material Productivity','Installation and runtime cost for a material productivity research job'),(60,'Copying','Installation and runtime cost for a blueprint copying job'),(61,'Duplicating','Installation and runtime cost for an item duplication job'),(62,'Reverse Engineering','Installation and runtime cost for a reverse engineering job');

/*Table structure for table `ramCompletedStatuses` */

DROP TABLE IF EXISTS `ramCompletedStatuses`;

CREATE TABLE `ramCompletedStatuses` (
  `completedStatusID` int(10) unsigned NOT NULL default '0',
  `completedStatusName` varchar(100) NOT NULL default '',
  `completedStatusText` varchar(100) NOT NULL default '',
  PRIMARY KEY  (`completedStatusID`)
) ENGINE=InnoDB DEFAULT CHARSET=utf8;

/*Data for the table `ramCompletedStatuses` */

insert  into `ramCompletedStatuses`(`completedStatusID`,`completedStatusName`,`completedStatusText`) values (0,'Failed',''),(1,'Delivered',''),(2,'Aborted',''),(3,'GM aborted',''),(4,'Unanchored',''),(5,'Destroyed','');

/*Table structure for table `ramInstallationTypeDefaultContents` */

DROP TABLE IF EXISTS `ramInstallationTypeDefaultContents`;

CREATE TABLE `ramInstallationTypeDefaultContents` (
  `installationTypeID` int(11) NOT NULL default '0',
  `assemblyLineTypeID` int(11) NOT NULL default '0',
  `UIGroupingID` int(11) NOT NULL default '0',
  `quantity` int(11) NOT NULL default '0',
  `costInstall` float NOT NULL default '0',
  `costPerHour` float NOT NULL default '0',
  `restrictionMask` int(11) NOT NULL default '0',
  `discountPerGoodStandingPoint` float NOT NULL default '0',
  `surchargePerBadStandingPoint` float NOT NULL default '0',
  `minimumStanding` float NOT NULL default '0',
  `minimumCharSecurity` float NOT NULL default '0',
  `minimumCorpSecurity` float NOT NULL default '0',
  `maximumCharSecurity` float NOT NULL default '0',
  `maximumCorpSecurity` float NOT NULL default '0',
  PRIMARY KEY  (`installationTypeID`),
  KEY `assemblyLineTypeID` (`assemblyLineTypeID`)
) ENGINE=InnoDB DEFAULT CHARSET=utf8;

/*Data for the table `ramInstallationTypeDefaultContents` */

/*Table structure for table `roidDistribution` */

DROP TABLE IF EXISTS `roidDistribution`;

CREATE TABLE `roidDistribution` (
  `systemSec` varchar(2) NOT NULL,
  `roidID` int(10) unsigned NOT NULL,
  `percent` double NOT NULL,
  KEY `systemSec` (`systemSec`)
) ENGINE=MyISAM DEFAULT CHARSET=utf8;

/*Data for the table `roidDistribution` */

insert  into `roidDistribution`(`systemSec`,`roidID`,`percent`) values ('A',1230,0.271003),('A',17470,0.094851),('A',17471,0.04878),('A',1228,0.425474),('A',17463,0.116531),('A',17464,0.043361),('B',1230,0.089983),('B',17470,0.242784),('B',17471,0.027165),('B',1228,0.101868),('B',17463,0.198642),('B',17464,0.028862),('B',1224,0.073005),('B',17459,0.21562),('B',17460,0.022071),('B1',1230,0.172043),('B1',17470,0.086022),('B1',17471,0.032258),('B1',1228,0.151882),('B1',17463,0.055108),('B1',17464,0.03629),('B1',1224,0.137097),('B1',17459,0.072581),('B1',17460,0.021505),('B1',20,0.142473),('B1',17452,0.065859),('B1',17453,0.026882),('B2',1230,0.134652),('B2',17470,0.038606),('B2',17471,0.020716),('B2',1228,0.114878),('B2',17463,0.050847),('B2',17464,0.016008),('B2',1224,0.109228),('B2',17459,0.053672),('B2',17460,0.020716),('B2',20,0.105461),('B2',17452,0.03484),('B2',17453,0.016949),('B2',1226,0.102637),('B2',17448,0.032015),('B2',17449,0.011299),('B3',1230,0.134652),('B3',17470,0.038606),('B3',17471,0.020716),('B3',1228,0.114878),('B3',17463,0.050847),('B3',17464,0.016008),('B3',1224,0.109228),('B3',17459,0.053672),('B3',17460,0.020716),('B3',20,0.105461),('B3',17452,0.03484),('B3',17453,0.016949),('B3',1226,0.102637),('B3',17448,0.032015),('B3',17449,0.011299),('B3',1231,0.096045),('B3',17444,0.026365),('B3',17445,0.015066),('C',1230,0.172043),('C',17470,0.086022),('C',17471,0.032258),('C',1228,0.151882),('C',17463,0.055108),('C',17464,0.03629),('C',18,0.137097),('C',17455,0.072581),('C',17456,0.021505),('C',1224,0.142473),('C',17459,0.065859),('C',17460,0.026882),('C1',1230,0.134652),('C1',17470,0.038606),('C1',17471,0.020716),('C1',1228,0.114878),('C1',17463,0.050847),('C1',17464,0.016008),('C1',18,0.109228),('C1',17455,0.053672),('C1',17456,0.020716),('C1',1224,0.105461),('C1',17459,0.03484),('C1',17460,0.016949),('C1',20,0.102637),('C1',17452,0.032015),('C1',17453,0.011299),('C2',1230,0.134652),('C2',17470,0.038606),('C2',17471,0.020716),('C2',1228,0.114878),('C2',17463,0.050847),('C2',17464,0.016008),('C2',18,0.109228),('C2',17455,0.053672),('C2',17456,0.020716),('C2',1224,0.105461),('C2',17459,0.03484),('C2',17460,0.016949),('C2',20,0.102637),('C2',17452,0.032015),('C2',17453,0.011299),('C2',21,0.096045),('C2',17440,0.026365),('C2',17441,0.015066),('D',1230,0.089983),('D',17470,0.242784),('D',17471,0.027165),('D',1228,0.101868),('D',17463,0.198642),('D',17464,0.028862),('D',18,0.073005),('D',17455,0.21562),('D',17456,0.022071),('D1',1230,0.172043),('D1',17470,0.086022),('D1',17471,0.032258),('D1',1228,0.151882),('D1',17463,0.055108),('D1',17464,0.03629),('D1',18,0.137097),('D1',17455,0.072581),('D1',17456,0.021505),('D1',1227,0.142473),('D1',17867,0.065859),('D1',17868,0.026882),('D2',1230,0.134652),('D2',17470,0.038606),('D2',17471,0.020716),('D2',1228,0.114878),('D2',17463,0.050847),('D2',17464,0.016008),('D2',18,0.109228),('D2',17455,0.053672),('D2',17456,0.020716),('D2',1227,0.105461),('D2',17867,0.03484),('D2',17868,0.016949),('D2',1226,0.102637),('D2',17448,0.032015),('D2',17449,0.011299),('D3',1230,0.134652),('D3',17470,0.038606),('D3',17471,0.020716),('D3',1228,0.114878),('D3',17463,0.050847),('D3',17464,0.016008),('D3',18,0.109228),('D3',17455,0.053672),('D3',17456,0.020716),('D3',1227,0.105461),('D3',17867,0.03484),('D3',17868,0.016949),('D3',1226,0.102637),('D3',17448,0.032015),('D3',17449,0.011299),('D3',1231,0.096045),('D3',17444,0.026365),('D3',17445,0.015066),('E',1230,0.141436),('E',17470,0.070718),('E',17471,0.026519),('E',1228,0.124862),('E',17463,0.045304),('E',17464,0.029834),('E',18,0.112707),('E',17455,0.059669),('E',17456,0.01768),('E',1227,0.117127),('E',17867,0.054144),('E',17868,0.022099),('E',20,0.114917),('E',17452,0.038674),('E',17453,0.02431),('E1',1230,0.134652),('E1',17470,0.038606),('E1',17471,0.020716),('E1',1228,0.114878),('E1',17463,0.050847),('E1',17464,0.016008),('E1',18,0.109228),('E1',17455,0.053672),('E1',17456,0.020716),('E1',1227,0.105461),('E1',17867,0.03484),('E1',17868,0.016949),('E1',20,0.102637),('E1',17452,0.032015),('E1',17453,0.011299),('E1',21,0.096045),('E1',17440,0.026365),('E1',17441,0.015066),('F',1230,0.141436),('F',17470,0.070718),('F',17471,0.026519),('F',1228,0.124862),('F',17463,0.045304),('F',17464,0.029834),('F',21,0.112707),('F',17440,0.059669),('F',17441,0.01768),('F',1231,0.117127),('F',17444,0.054144),('F',17445,0.022099),('F',1227,0.114917),('F',17867,0.038674),('F',17868,0.02431),('F1',1230,0.134652),('F1',17470,0.038606),('F1',17471,0.020716),('F1',1228,0.114878),('F1',17463,0.050847),('F1',17464,0.016008),('F1',21,0.109228),('F1',17440,0.053672),('F1',17441,0.020716),('F1',1231,0.105461),('F1',17444,0.03484),('F1',17445,0.016949),('F1',1227,0.102637),('F1',17867,0.032015),('F1',17868,0.011299),('F1',19,0.096045),('F1',17466,0.026365),('F1',17467,0.015066),('F2',1230,0.113043),('F2',17470,0.032411),('F2',17471,0.017391),('F2',1228,0.096443),('F2',17463,0.042688),('F2',17464,0.013439),('F2',21,0.091702),('F2',17440,0.045059),('F2',17441,0.017391),('F2',1231,0.088538),('F2',17444,0.029249),('F2',17445,0.014229),('F2',1227,0.086166),('F2',17867,0.026877),('F2',17868,0.009486),('F2',19,0.080632),('F2',17466,0.022134),('F2',17467,0.012648),('F2',1229,0.109091),('F2',17865,0.037154),('F2',17866,0.014229),('F3',1230,0.061947),('F3',17470,0.032448),('F3',17471,0.009833),('F3',1228,0.103245),('F3',17463,0.036382),('F3',17464,0.015733),('F3',21,0.097345),('F3',17440,0.047198),('F3',17441,0.012783),('F3',1231,0.070796),('F3',17444,0.042281),('F3',17445,0.006883),('F3',1227,0.079646),('F3',17867,0.033432),('F3',17868,0.008848),('F3',19,0.082596),('F3',17466,0.028515),('F3',17467,0.012783),('F3',1229,0.072763),('F3',17865,0.028515),('F3',17866,0.007866),('F3',1223,0.067847),('F3',17428,0.026549),('F3',17429,0.013766),('F4',1230,0.056401),('F4',17470,0.029543),('F4',17471,0.008953),('F4',1228,0.094002),('F4',17463,0.033124),('F4',17464,0.014324),('F4',21,0.088632),('F4',17440,0.042972),('F4',17441,0.011638),('F4',1231,0.064458),('F4',17444,0.038496),('F4',17445,0.006267),('F4',1227,0.072516),('F4',17867,0.030439),('F4',17868,0.008057),('F4',19,0.075201),('F4',17466,0.025962),('F4',17467,0.011638),('F4',1229,0.066249),('F4',17865,0.025962),('F4',17866,0.007162),('F4',1223,0.061773),('F4',17428,0.024172),('F4',17429,0.012534),('F4',22,0.063563),('F4',17425,0.021486),('F4',17426,0.004476),('F5',1230,0.006276),('F5',17470,0.023012),('F5',17471,0.025104),('F5',1228,0.016736),('F5',17463,0.033472),('F5',17464,0.085774),('F5',21,0.020922),('F5',17440,0.027196),('F5',17441,0.046025),('F5',1231,0.010461),('F5',17444,0.050209),('F5',17445,0.064853),('F5',1227,0.014644),('F5',17867,0.046025),('F5',17868,0.043933),('F5',19,0.018828),('F5',17466,0.031381),('F5',17467,0.062761),('F5',1229,0.020923),('F5',17865,0.056485),('F5',17866,0.058577),('F5',1223,0.014644),('F5',17428,0.039748),('F5',17429,0.037656),('F5',22,0.012552),('F5',17425,0.035564),('F5',17426,0.020921),('F5',1224,0.010462),('F5',17459,0.033472),('F5',17460,0.031384),('F6',1230,0.005769),('F6',17470,0.021153),('F6',17471,0.023076),('F6',1228,0.015384),('F6',17463,0.030769),('F6',17464,0.078846),('F6',21,0.019231),('F6',17440,0.025011),('F6',17441,0.042307),('F6',1231,0.009615),('F6',17444,0.046153),('F6',17445,0.059615),('F6',1227,0.013461),('F6',17867,0.042307),('F6',17868,0.040384),('F6',19,0.017307),('F6',17466,0.028846),('F6',17467,0.057692),('F6',1229,0.019231),('F6',17865,0.051923),('F6',17866,0.053846),('F6',1223,0.013461),('F6',17428,0.036538),('F6',17429,0.034615),('F6',22,0.011538),('F6',17425,0.032692),('F6',17426,0.019231),('F6',1224,0.009615),('F6',17459,0.030769),('F6',17460,0.028846),('F6',11396,0.009615),('F6',17869,0.026923),('F6',17870,0.044231),('F7',1230,0.005338),('F7',17470,0.019573),('F7',17471,0.021352),('F7',1228,0.014235),('F7',17463,0.02847),('F7',17464,0.072954),('F7',21,0.017794),('F7',17440,0.023132),('F7',17441,0.039146),('F7',1231,0.008897),('F7',17444,0.042705),('F7',17445,0.05516),('F7',1227,0.012456),('F7',17867,0.039146),('F7',17868,0.037367),('F7',19,0.016014),('F7',17466,0.026689),('F7',17467,0.053381),('F7',1229,0.017794),('F7',17865,0.048043),('F7',17866,0.049822),('F7',1223,0.012456),('F7',17428,0.033808),('F7',17429,0.032028),('F7',22,0.010676),('F7',17425,0.030249),('F7',17426,0.017794),('F7',1224,0.008897),('F7',17459,0.028469),('F7',17460,0.026689),('F7',11396,0.008897),('F7',17869,0.024911),('F7',17870,0.040925),('F7',18,0.010676),('F7',17455,0.024911),('F7',17456,0.039146),('G',1230,0.141436),('G',17470,0.070718),('G',17471,0.026519),('G',1228,0.124862),('G',17463,0.045304),('G',17464,0.029834),('G',18,0.112707),('G',17455,0.059669),('G',17456,0.01768),('G',1227,0.117127),('G',17867,0.054144),('G',17868,0.022099),('G',20,0.114917),('G',17452,0.038674),('G',17453,0.02431),('G1',1230,0.134652),('G1',17470,0.038606),('G1',17471,0.020716),('G1',1228,0.114878),('G1',17463,0.050847),('G1',17464,0.016008),('G1',18,0.109228),('G1',17455,0.053672),('G1',17456,0.020716),('G1',1227,0.105461),('G1',17867,0.03484),('G1',17868,0.016949),('G1',20,0.102637),('G1',17452,0.032015),('G1',17453,0.011299),('G1',1229,0.096045),('G1',17865,0.026365),('G1',17866,0.015066),('G2',1230,0.113043),('G2',17470,0.032411),('G2',17471,0.017391),('G2',1228,0.096443),('G2',17463,0.042688),('G2',17464,0.013439),('G2',18,0.091702),('G2',17455,0.045059),('G2',17456,0.017391),('G2',1227,0.088538),('G2',17867,0.029249),('G2',17868,0.014229),('G2',20,0.086166),('G2',17452,0.026877),('G2',17453,0.009486),('G2',1229,0.080632),('G2',17865,0.022134),('G2',17866,0.012648),('G2',1224,0.109091),('G2',17459,0.037154),('G2',17460,0.014229),('G3',1230,0.061947),('G3',17470,0.032448),('G3',17471,0.009833),('G3',1228,0.103245),('G3',17463,0.036382),('G3',17464,0.015733),('G3',18,0.097345),('G3',17455,0.047198),('G3',17456,0.012783),('G3',1227,0.070796),('G3',17867,0.042281),('G3',17868,0.006883),('G3',20,0.079646),('G3',17452,0.033432),('G3',17453,0.008848),('G3',1229,0.082596),('G3',17865,0.028515),('G3',17866,0.012783),('G3',1224,0.072763),('G3',17459,0.028515),('G3',17460,0.007866),('G3',19,0.067847),('G3',17466,0.026549),('G3',17467,0.013766),('G4',1230,0.056401),('G4',17470,0.029543),('G4',17471,0.008953),('G4',1228,0.094002),('G4',17463,0.033124),('G4',17464,0.014324),('G4',18,0.088632),('G4',17455,0.042972),('G4',17456,0.011638),('G4',1227,0.064458),('G4',17867,0.038496),('G4',17868,0.006267),('G4',20,0.072516),('G4',17452,0.030439),('G4',17453,0.008057),('G4',1229,0.075201),('G4',17865,0.025962),('G4',17866,0.011638),('G4',1224,0.066249),('G4',17459,0.025962),('G4',17460,0.007162),('G4',19,0.061773),('G4',17466,0.024172),('G4',17467,0.012534),('G4',1223,0.063563),('G4',17428,0.021486),('G4',17429,0.004476),('G5',1230,0.006276),('G5',17470,0.023012),('G5',17471,0.025104),('G5',1228,0.016736),('G5',17463,0.033472),('G5',17464,0.085774),('G5',18,0.020922),('G5',17455,0.027196),('G5',17456,0.046025),('G5',1227,0.010461),('G5',17867,0.050209),('G5',17868,0.064853),('G5',20,0.014644),('G5',17452,0.046025),('G5',17453,0.043933),('G5',1229,0.018828),('G5',17865,0.031381),('G5',17866,0.062761),('G5',1224,0.020923),('G5',17459,0.056485),('G5',17460,0.058577),('G5',19,0.014644),('G5',17466,0.039748),('G5',17467,0.037656),('G5',1223,0.012552),('G5',17428,0.035564),('G5',17429,0.020921),('G5',1225,0.010462),('G5',17432,0.033472),('G5',17433,0.031384),('G6',1230,0.005769),('G6',17470,0.021153),('G6',17471,0.023076),('G6',1228,0.015384),('G6',17463,0.030769),('G6',17464,0.078846),('G6',18,0.019231),('G6',17455,0.025011),('G6',17456,0.042307),('G6',1227,0.009615),('G6',17867,0.046153),('G6',17868,0.059615),('G6',20,0.013461),('G6',17452,0.042307),('G6',17453,0.040384),('G6',1229,0.017307),('G6',17865,0.028846),('G6',17866,0.057692),('G6',1224,0.019231),('G6',17459,0.051923),('G6',17460,0.053846),('G6',19,0.013461),('G6',17466,0.036538),('G6',17467,0.034615),('G6',1223,0.011538),('G6',17428,0.032692),('G6',17429,0.019231),('G6',1225,0.009615),('G6',17432,0.030769),('G6',17433,0.028846),('G6',11396,0.009615),('G6',17869,0.026923),('G6',17870,0.044231),('G7',1230,0.005338),('G7',17470,0.019573),('G7',17471,0.021352),('G7',1228,0.014235),('G7',17463,0.02847),('G7',17464,0.072954),('G7',18,0.017794),('G7',17455,0.023132),('G7',17456,0.039146),('G7',1227,0.008897),('G7',17867,0.042705),('G7',17868,0.05516),('G7',20,0.012456),('G7',17452,0.039146),('G7',17453,0.037367),('G7',1229,0.016014),('G7',17865,0.026689),('G7',17866,0.053381),('G7',1224,0.017794),('G7',17459,0.048043),('G7',17460,0.049822),('G7',19,0.012456),('G7',17466,0.033808),('G7',17467,0.032028),('G7',1223,0.010676),('G7',17428,0.030249),('G7',17429,0.017794),('G7',1225,0.008897),('G7',17432,0.028469),('G7',17433,0.026689),('G7',11396,0.008897),('G7',17869,0.024911),('G7',17870,0.040925),('G7',1232,0.010676),('G7',17436,0.024911),('G7',17437,0.039146),('H',1230,0.141436),('H',17470,0.070718),('H',17471,0.026519),('H',1228,0.124862),('H',17463,0.045304),('H',17464,0.029834),('H',1224,0.112707),('H',17459,0.059669),('H',17460,0.01768),('H',1231,0.117127),('H',17444,0.054144),('H',17445,0.022099),('H',1226,0.114917),('H',17448,0.038674),('H',17449,0.02431),('H1',1230,0.134652),('H1',17470,0.038606),('H1',17471,0.020716),('H1',1228,0.114878),('H1',17463,0.050847),('H1',17464,0.016008),('H1',1224,0.109228),('H1',17459,0.053672),('H1',17460,0.020716),('H1',1231,0.105461),('H1',17444,0.03484),('H1',17445,0.016949),('H1',1226,0.102637),('H1',17448,0.032015),('H1',17449,0.011299),('H1',21,0.096045),('H1',17440,0.026365),('H1',17441,0.015066),('H2',1230,0.113043),('H2',17470,0.032411),('H2',17471,0.017391),('H2',1228,0.096443),('H2',17463,0.042688),('H2',17464,0.013439),('H2',1224,0.091702),('H2',17459,0.045059),('H2',17460,0.017391),('H2',1231,0.088538),('H2',17444,0.029249),('H2',17445,0.014229),('H2',1226,0.086166),('H2',17448,0.026877),('H2',17449,0.009486),('H2',21,0.080632),('H2',17440,0.022134),('H2',17441,0.012648),('H2',1232,0.109091),('H2',17436,0.037154),('H2',17437,0.014229),('H3',1230,0.061947),('H3',17470,0.032448),('H3',17471,0.009833),('H3',1228,0.103245),('H3',17463,0.036382),('H3',17464,0.015733),('H3',1224,0.097345),('H3',17459,0.047198),('H3',17460,0.012783),('H3',1231,0.070796),('H3',17444,0.042281),('H3',17445,0.006883),('H3',1226,0.079646),('H3',17448,0.033432),('H3',17449,0.008848),('H3',21,0.082596),('H3',17440,0.028515),('H3',17441,0.012783),('H3',1232,0.072763),('H3',17436,0.028515),('H3',17437,0.007866),('H3',20,0.067847),('H3',17452,0.026549),('H3',17453,0.013766),('H4',1230,0.056401),('H4',17470,0.029543),('H4',17471,0.008953),('H4',1228,0.094002),('H4',17463,0.033124),('H4',17464,0.014324),('H4',1224,0.088632),('H4',17459,0.042972),('H4',17460,0.011638),('H4',1231,0.064458),('H4',17444,0.038496),('H4',17445,0.006267),('H4',1226,0.072516),('H4',17448,0.030439),('H4',17449,0.008057),('H4',21,0.075201),('H4',17440,0.025962),('H4',17441,0.011638),('H4',1232,0.066249),('H4',17436,0.025962),('H4',17437,0.007162),('H4',20,0.061773),('H4',17452,0.024172),('H4',17453,0.012534),('H4',1225,0.063563),('H4',17432,0.021486),('H4',17433,0.004476),('H5',1230,0.006276),('H5',17470,0.023012),('H5',17471,0.025104),('H5',1228,0.016736),('H5',17463,0.033472),('H5',17464,0.085774),('H5',1224,0.020922),('H5',17459,0.027196),('H5',17460,0.046025),('H5',1231,0.010461),('H5',17444,0.050209),('H5',17445,0.064853),('H5',1226,0.014644),('H5',17448,0.046025),('H5',17449,0.043933),('H5',21,0.018828),('H5',17440,0.031381),('H5',17441,0.062761),('H5',1232,0.020923),('H5',17436,0.056485),('H5',17437,0.058577),('H5',20,0.014644),('H5',17452,0.039748),('H5',17453,0.037656),('H5',1225,0.012552),('H5',17432,0.035564),('H5',17433,0.020921),('H5',19,0.010462),('H5',17466,0.033472),('H5',17467,0.031384),('H6',1230,0.005769),('H6',17470,0.021153),('H6',17471,0.023076),('H6',1228,0.015384),('H6',17463,0.030769),('H6',17464,0.078846),('H6',1224,0.019231),('H6',17459,0.025011),('H6',17460,0.042307),('H6',1231,0.009615),('H6',17444,0.046153),('H6',17445,0.059615),('H6',1226,0.013461),('H6',17448,0.042307),('H6',17449,0.040384),('H6',21,0.017307),('H6',17440,0.028846),('H6',17441,0.057692),('H6',1232,0.019231),('H6',17436,0.051923),('H6',17437,0.053846),('H6',20,0.013461),('H6',17452,0.036538),('H6',17453,0.034615),('H6',1225,0.011538),('H6',17432,0.032692),('H6',17433,0.019231),('H6',19,0.009615),('H6',17466,0.030769),('H6',17467,0.028846),('H6',11396,0.009615),('H6',17869,0.026923),('H6',17870,0.044231),('H7',1230,0.005338),('H7',17470,0.019573),('H7',17471,0.021352),('H7',1228,0.014235),('H7',17463,0.02847),('H7',17464,0.072954),('H7',1224,0.017794),('H7',17459,0.023132),('H7',17460,0.039146),('H7',1231,0.008897),('H7',17444,0.042705),('H7',17445,0.05516),('H7',1226,0.012456),('H7',17448,0.039146),('H7',17449,0.037367),('H7',21,0.016014),('H7',17440,0.026689),('H7',17441,0.053381),('H7',1232,0.017794),('H7',17436,0.048043),('H7',17437,0.049822),('H7',20,0.012456),('H7',17452,0.033808),('H7',17453,0.032028),('H7',1225,0.010676),('H7',17432,0.030249),('H7',17433,0.017794),('H7',19,0.008897),('H7',17466,0.028469),('H7',17467,0.026689),('H7',11396,0.008897),('H7',17869,0.024911),('H7',17870,0.040925),('H7',1223,0.010676),('H7',17428,0.024911),('H7',17429,0.039146),('I',1230,0.141436),('I',17470,0.070718),('I',17471,0.026519),('I',1228,0.124862),('I',17463,0.045304),('I',17464,0.029834),('I',21,0.112707),('I',17440,0.059669),('I',17441,0.01768),('I',1231,0.117127),('I',17444,0.054144),('I',17445,0.022099),('I',1227,0.114917),('I',17867,0.038674),('I',17868,0.02431),('I1',1230,0.134652),('I1',17470,0.038606),('I1',17471,0.020716),('I1',1228,0.114878),('I1',17463,0.050847),('I1',17464,0.016008),('I1',21,0.109228),('I1',17440,0.053672),('I1',17441,0.020716),('I1',1231,0.105461),('I1',17444,0.03484),('I1',17445,0.016949),('I1',1227,0.102637),('I1',17867,0.032015),('I1',17868,0.011299),('I1',1226,0.096045),('I1',17448,0.026365),('I1',17449,0.015066),('I2',1230,0.113043),('I2',17470,0.032411),('I2',17471,0.017391),('I2',1228,0.096443),('I2',17463,0.042688),('I2',17464,0.013439),('I2',21,0.091702),('I2',17440,0.045059),('I2',17441,0.017391),('I2',1231,0.088538),('I2',17444,0.029249),('I2',17445,0.014229),('I2',1227,0.086166),('I2',17867,0.026877),('I2',17868,0.009486),('I2',1226,0.080632),('I2',17448,0.022134),('I2',17449,0.012648),('I2',19,0.109091),('I2',17466,0.037154),('I2',17467,0.014229),('I3',1230,0.061947),('I3',17470,0.032448),('I3',17471,0.009833),('I3',1228,0.103245),('I3',17463,0.036382),('I3',17464,0.015733),('I3',21,0.097345),('I3',17440,0.047198),('I3',17441,0.012783),('I3',1231,0.070796),('I3',17444,0.042281),('I3',17445,0.006883),('I3',1227,0.079646),('I3',17867,0.033432),('I3',17868,0.008848),('I3',1226,0.082596),('I3',17448,0.028515),('I3',17449,0.012783),('I3',19,0.072763),('I3',17466,0.028515),('I3',17467,0.007866),('I3',1229,0.067847),('I3',17865,0.026549),('I3',17866,0.013766),('I4',1230,0.056401),('I4',17470,0.029543),('I4',17471,0.008953),('I4',1228,0.094002),('I4',17463,0.033124),('I4',17464,0.014324),('I4',21,0.088632),('I4',17440,0.042972),('I4',17441,0.011638),('I4',1231,0.064458),('I4',17444,0.038496),('I4',17445,0.006267),('I4',1227,0.072516),('I4',17867,0.030439),('I4',17868,0.008057),('I4',1226,0.075201),('I4',17448,0.025962),('I4',17449,0.011638),('I4',19,0.066249),('I4',17466,0.025962),('I4',17467,0.007162),('I4',1229,0.061773),('I4',17865,0.024172),('I4',17866,0.012534),('I4',1232,0.063563),('I4',17436,0.021486),('I4',17437,0.004476),('I5',1230,0.006276),('I5',17470,0.023012),('I5',17471,0.025104),('I5',1228,0.016736),('I5',17463,0.033472),('I5',17464,0.085774),('I5',21,0.020922),('I5',17440,0.027196),('I5',17441,0.046025),('I5',1231,0.010461),('I5',17444,0.050209),('I5',17445,0.064853),('I5',1227,0.014644),('I5',17867,0.046025),('I5',17868,0.043933),('I5',1226,0.018828),('I5',17448,0.031381),('I5',17449,0.062761),('I5',19,0.020923),('I5',17466,0.056485),('I5',17467,0.058577),('I5',1229,0.014644),('I5',17865,0.039748),('I5',17866,0.037656),('I5',1232,0.012552),('I5',17436,0.035564),('I5',17437,0.020921),('I5',22,0.010462),('I5',17425,0.033472),('I5',17426,0.031384),('I6',1230,0.005769),('I6',17470,0.021153),('I6',17471,0.023076),('I6',1228,0.015384),('I6',17463,0.030769),('I6',17464,0.078846),('I6',21,0.019231),('I6',17440,0.025011),('I6',17441,0.042307),('I6',1231,0.009615),('I6',17444,0.046153),('I6',17445,0.059615),('I6',1227,0.013461),('I6',17867,0.042307),('I6',17868,0.040384),('I6',1226,0.017307),('I6',17448,0.028846),('I6',17449,0.057692),('I6',19,0.019231),('I6',17466,0.051923),('I6',17467,0.053846),('I6',1229,0.013461),('I6',17865,0.036538),('I6',17866,0.034615),('I6',1232,0.011538),('I6',17436,0.032692),('I6',17437,0.019231),('I6',22,0.009615),('I6',17425,0.030769),('I6',17426,0.028846),('I6',11396,0.009615),('I6',17869,0.026923),('I6',17870,0.044231),('I7',1230,0.005338),('I7',17470,0.019573),('I7',17471,0.021352),('I7',1228,0.014235),('I7',17463,0.02847),('I7',17464,0.072954),('I7',21,0.017794),('I7',17440,0.023132),('I7',17441,0.039146),('I7',1231,0.008897),('I7',17444,0.042705),('I7',17445,0.05516),('I7',1227,0.012456),('I7',17867,0.039146),('I7',17868,0.037367),('I7',1226,0.016014),('I7',17448,0.026689),('I7',17449,0.053381),('I7',19,0.017794),('I7',17466,0.048043),('I7',17467,0.049822),('I7',1229,0.012456),('I7',17865,0.033808),('I7',17866,0.032028),('I7',1232,0.010676),('I7',17436,0.030249),('I7',17437,0.017794),('I7',22,0.008897),('I7',17425,0.028469),('I7',17426,0.026689),('I7',11396,0.008897),('I7',17869,0.024911),('I7',17870,0.040925),('I7',20,0.010676),('I7',17452,0.024911),('I7',17453,0.039146),('J',1230,0.141436),('J',17470,0.070718),('J',17471,0.026519),('J',1228,0.124862),('J',17463,0.045304),('J',17464,0.029834),('J',1224,0.112707),('J',17459,0.059669),('J',17460,0.01768),('J',18,0.117127),('J',17455,0.054144),('J',17456,0.022099),('J',1226,0.114917),('J',17448,0.038674),('J',17449,0.02431),('J1',1230,0.134652),('J1',17470,0.038606),('J1',17471,0.020716),('J1',1228,0.114878),('J1',17463,0.050847),('J1',17464,0.016008),('J1',1224,0.109228),('J1',17459,0.053672),('J1',17460,0.020716),('J1',18,0.105461),('J1',17455,0.03484),('J1',17456,0.016949),('J1',1226,0.102637),('J1',17448,0.032015),('J1',17449,0.011299),('J1',1232,0.096045),('J1',17436,0.026365),('J1',17437,0.015066),('J2',1230,0.113043),('J2',17470,0.032411),('J2',17471,0.017391),('J2',1228,0.096443),('J2',17463,0.042688),('J2',17464,0.013439),('J2',1224,0.091702),('J2',17459,0.045059),('J2',17460,0.017391),('J2',18,0.088538),('J2',17455,0.029249),('J2',17456,0.014229),('J2',1226,0.086166),('J2',17448,0.026877),('J2',17449,0.009486),('J2',1232,0.080632),('J2',17436,0.022134),('J2',17437,0.012648),('J2',1225,0.109091),('J2',17432,0.037154),('J2',17433,0.014229),('J3',1230,0.061947),('J3',17470,0.032448),('J3',17471,0.009833),('J3',1228,0.103245),('J3',17463,0.036382),('J3',17464,0.015733),('J3',1224,0.097345),('J3',17459,0.047198),('J3',17460,0.012783),('J3',18,0.070796),('J3',17455,0.042281),('J3',17456,0.006883),('J3',1226,0.079646),('J3',17448,0.033432),('J3',17449,0.008848),('J3',1232,0.082596),('J3',17436,0.028515),('J3',17437,0.012783),('J3',1225,0.072763),('J3',17432,0.028515),('J3',17433,0.007866),('J3',1223,0.067847),('J3',17428,0.026549),('J3',17429,0.013766),('J4',1230,0.056401),('J4',17470,0.029543),('J4',17471,0.008953),('J4',1228,0.094002),('J4',17463,0.033124),('J4',17464,0.014324),('J4',1224,0.088632),('J4',17459,0.042972),('J4',17460,0.011638),('J4',18,0.064458),('J4',17455,0.038496),('J4',17456,0.006267),('J4',1226,0.072516),('J4',17448,0.030439),('J4',17449,0.008057),('J4',1232,0.075201),('J4',17436,0.025962),('J4',17437,0.011638),('J4',1225,0.066249),('J4',17432,0.025962),('J4',17433,0.007162),('J4',1223,0.061773),('J4',17428,0.024172),('J4',17429,0.012534),('J4',1231,0.063563),('J4',17444,0.021486),('J4',17445,0.004476),('J5',1230,0.006276),('J5',17470,0.023012),('J5',17471,0.025104),('J5',1228,0.016736),('J5',17463,0.033472),('J5',17464,0.085774),('J5',1224,0.020922),('J5',17459,0.027196),('J5',17460,0.046025),('J5',18,0.010461),('J5',17455,0.050209),('J5',17456,0.064853),('J5',1226,0.014644),('J5',17448,0.046025),('J5',17449,0.043933),('J5',1232,0.018828),('J5',17436,0.031381),('J5',17437,0.062761),('J5',1225,0.020923),('J5',17432,0.056485),('J5',17433,0.058577),('J5',1223,0.014644),('J5',17428,0.039748),('J5',17429,0.037656),('J5',1231,0.012552),('J5',17444,0.035564),('J5',17445,0.020921),('J5',21,0.010462),('J5',17440,0.033472),('J5',17441,0.031384),('J6',1230,0.005769),('J6',17470,0.021153),('J6',17471,0.023076),('J6',1228,0.015384),('J6',17463,0.030769),('J6',17464,0.078846),('J6',1224,0.019231),('J6',17459,0.025011),('J6',17460,0.042307),('J6',18,0.009615),('J6',17455,0.046153),('J6',17456,0.059615),('J6',1226,0.013461),('J6',17448,0.042307),('J6',17449,0.040384),('J6',1232,0.017307),('J6',17436,0.028846),('J6',17437,0.057692),('J6',1225,0.019231),('J6',17432,0.051923),('J6',17433,0.053846),('J6',1223,0.013461),('J6',17428,0.036538),('J6',17429,0.034615),('J6',1231,0.011538),('J6',17444,0.032692),('J6',17445,0.019231),('J6',21,0.009615),('J6',17440,0.030769),('J6',17441,0.028846),('J6',11396,0.009615),('J6',17869,0.026923),('J6',17870,0.044231),('J7',1230,0.005338),('J7',17470,0.019573),('J7',17471,0.021352),('J7',1228,0.014235),('J7',17463,0.02847),('J7',17464,0.072954),('J7',1224,0.017794),('J7',17459,0.023132),('J7',17460,0.039146),('J7',18,0.008897),('J7',17455,0.042705),('J7',17456,0.05516),('J7',1226,0.012456),('J7',17448,0.039146),('J7',17449,0.037367),('J7',1232,0.016014),('J7',17436,0.026689),('J7',17437,0.053381),('J7',1225,0.017794),('J7',17432,0.048043),('J7',17433,0.049822),('J7',1223,0.012456),('J7',17428,0.033808),('J7',17429,0.032028),('J7',1231,0.010676),('J7',17444,0.030249),('J7',17445,0.017794),('J7',21,0.008897),('J7',17440,0.028469),('J7',17441,0.026689),('J7',11396,0.008897),('J7',17869,0.024911),('J7',17870,0.040925),('J7',22,0.010676),('J7',17425,0.024911),('J7',17426,0.039146),('K',1230,0.141436),('K',17470,0.070718),('K',17471,0.026519),('K',1228,0.124862),('K',17463,0.045304),('K',17464,0.029834),('K',21,0.112707),('K',17440,0.059669),('K',17441,0.01768),('K',1231,0.117127),('K',17444,0.054144),('K',17445,0.022099),('K',1227,0.114917),('K',17867,0.038674),('K',17868,0.02431),('K1',1230,0.134652),('K1',17470,0.038606),('K1',17471,0.020716),('K1',1228,0.114878),('K1',17463,0.050847),('K1',17464,0.016008),('K1',21,0.109228),('K1',17440,0.053672),('K1',17441,0.020716),('K1',1231,0.105461),('K1',17444,0.03484),('K1',17445,0.016949),('K1',1227,0.102637),('K1',17867,0.032015),('K1',17868,0.011299),('K1',1232,0.096045),('K1',17436,0.026365),('K1',17437,0.015066),('K2',1230,0.113043),('K2',17470,0.032411),('K2',17471,0.017391),('K2',1228,0.096443),('K2',17463,0.042688),('K2',17464,0.013439),('K2',21,0.091702),('K2',17440,0.045059),('K2',17441,0.017391),('K2',1231,0.088538),('K2',17444,0.029249),('K2',17445,0.014229),('K2',1227,0.086166),('K2',17867,0.026877),('K2',17868,0.009486),('K2',1232,0.080632),('K2',17436,0.022134),('K2',17437,0.012648),('K2',19,0.109091),('K2',17466,0.037154),('K2',17467,0.014229),('K3',1230,0.061947),('K3',17470,0.032448),('K3',17471,0.009833),('K3',1228,0.103245),('K3',17463,0.036382),('K3',17464,0.015733),('K3',21,0.097345),('K3',17440,0.047198),('K3',17441,0.012783),('K3',1231,0.070796),('K3',17444,0.042281),('K3',17445,0.006883),('K3',1227,0.079646),('K3',17867,0.033432),('K3',17868,0.008848),('K3',1232,0.082596),('K3',17436,0.028515),('K3',17437,0.012783),('K3',19,0.072763),('K3',17466,0.028515),('K3',17467,0.007866),('K3',1225,0.067847),('K3',17432,0.026549),('K3',17433,0.013766),('K4',1230,0.056401),('K4',17470,0.029543),('K4',17471,0.008953),('K4',1228,0.094002),('K4',17463,0.033124),('K4',17464,0.014324),('K4',21,0.088632),('K4',17440,0.042972),('K4',17441,0.011638),('K4',1231,0.064458),('K4',17444,0.038496),('K4',17445,0.006267),('K4',1227,0.072516),('K4',17867,0.030439),('K4',17868,0.008057),('K4',1232,0.075201),('K4',17436,0.025962),('K4',17437,0.011638),('K4',19,0.066249),('K4',17466,0.025962),('K4',17467,0.007162),('K4',1225,0.061773),('K4',17432,0.024172),('K4',17433,0.012534),('K4',1223,0.063563),('K4',17428,0.021486),('K4',17429,0.004476),('K5',1230,0.006276),('K5',17470,0.023012),('K5',17471,0.025104),('K5',1228,0.016736),('K5',17463,0.033472),('K5',17464,0.085774),('K5',21,0.020922),('K5',17440,0.027196),('K5',17441,0.046025),('K5',1231,0.010461),('K5',17444,0.050209),('K5',17445,0.064853),('K5',1227,0.014644),('K5',17867,0.046025),('K5',17868,0.043933),('K5',1232,0.018828),('K5',17436,0.031381),('K5',17437,0.062761),('K5',19,0.020923),('K5',17466,0.056485),('K5',17467,0.058577),('K5',1225,0.014644),('K5',17432,0.039748),('K5',17433,0.037656),('K5',1223,0.012552),('K5',17428,0.035564),('K5',17429,0.020921),('K5',22,0.010462),('K5',17425,0.033472),('K5',17426,0.031384),('K6',1230,0.005769),('K6',17470,0.021153),('K6',17471,0.023076),('K6',1228,0.015384),('K6',17463,0.030769),('K6',17464,0.078846),('K6',21,0.019231),('K6',17440,0.025011),('K6',17441,0.042307),('K6',1231,0.009615),('K6',17444,0.046153),('K6',17445,0.059615),('K6',1227,0.013461),('K6',17867,0.042307),('K6',17868,0.040384),('K6',1232,0.017307),('K6',17436,0.028846),('K6',17437,0.057692),('K6',19,0.019231),('K6',17466,0.051923),('K6',17467,0.053846),('K6',1225,0.013461),('K6',17432,0.036538),('K6',17433,0.034615),('K6',1223,0.011538),('K6',17428,0.032692),('K6',17429,0.019231),('K6',22,0.009615),('K6',17425,0.030769),('K6',17426,0.028846),('K6',11396,0.009615),('K6',17869,0.026923),('K6',17870,0.044231),('K7',1230,0.005338),('K7',17470,0.019573),('K7',17471,0.021352),('K7',1228,0.014235),('K7',17463,0.02847),('K7',17464,0.072954),('K7',21,0.017794),('K7',17440,0.023132),('K7',17441,0.039146),('K7',1231,0.008897),('K7',17444,0.042705),('K7',17445,0.05516),('K7',1227,0.012456),('K7',17867,0.039146),('K7',17868,0.037367),('K7',1232,0.016014),('K7',17436,0.026689),('K7',17437,0.053381),('K7',19,0.017794),('K7',17466,0.048043),('K7',17467,0.049822),('K7',1225,0.012456),('K7',17432,0.033808),('K7',17433,0.032028),('K7',1223,0.010676),('K7',17428,0.030249),('K7',17429,0.017794),('K7',22,0.008897),('K7',17425,0.028469),('K7',17426,0.026689),('K7',11396,0.008897),('K7',17869,0.024911),('K7',17870,0.040925),('K7',1229,0.010676),('K7',17865,0.024911),('K7',17866,0.039146);

/*Table structure for table `spawnBounds` */

DROP TABLE IF EXISTS `spawnBounds`;

CREATE TABLE `spawnBounds` (
  `spawnID` int(10) unsigned NOT NULL default '0',
  `pointIndex` tinyint(3) unsigned NOT NULL default '0',
  `x` double NOT NULL default '0',
  `y` double NOT NULL default '0',
  `z` double NOT NULL default '0',
  PRIMARY KEY  (`spawnID`,`pointIndex`)
) ENGINE=InnoDB DEFAULT CHARSET=utf8;

/*Data for the table `spawnBounds` */

insert  into `spawnBounds`(`spawnID`,`pointIndex`,`x`,`y`,`z`) values (1,0,1337258224155.34,62467364324.661,415036661760),(2,0,1337258153444.66,62467435035.339,415036661760),(3,0,1337258153444.66,62467364324.661,415036661760),(4,0,1337258224155.34,62467435035.339,415036661760),(5,0,1337258188800,62467435035.339,415036626404.661),(6,0,1337258188800,62467364324.661,415036697115.339),(7,0,1337258188800,62467364324.661,415036626404.661),(8,0,1337258188800,62467435035.339,415036697115.339),(9,0,700004,5000,500),(10,0,700004,0,500);

/*Table structure for table `spawnGroupEntries` */

DROP TABLE IF EXISTS `spawnGroupEntries`;

CREATE TABLE `spawnGroupEntries` (
  `spawnGroupID` int(10) unsigned NOT NULL default '0',
  `npcTypeID` int(10) unsigned NOT NULL default '0',
  `quantity` tinyint(3) unsigned NOT NULL default '1',
  `probability` float NOT NULL default '1',
  `ownerID` int(10) unsigned NOT NULL default '0',
  `corporationID` int(10) unsigned NOT NULL default '0',
  PRIMARY KEY  (`spawnGroupID`,`npcTypeID`)
) ENGINE=InnoDB DEFAULT CHARSET=utf8;

/*Data for the table `spawnGroupEntries` */

insert  into `spawnGroupEntries`(`spawnGroupID`,`npcTypeID`,`quantity`,`probability`,`ownerID`,`corporationID`) values (1,3739,1,1,1000044,1000044);

/*Table structure for table `spawnGroups` */

DROP TABLE IF EXISTS `spawnGroups`;

CREATE TABLE `spawnGroups` (
  `spawnGroupID` int(10) unsigned NOT NULL auto_increment,
  `spawnGroupName` varchar(85) NOT NULL default '',
  `formation` int(10) unsigned NOT NULL default '0',
  PRIMARY KEY  (`spawnGroupID`)
) ENGINE=InnoDB AUTO_INCREMENT=2 DEFAULT CHARSET=utf8;

/*Data for the table `spawnGroups` */

insert  into `spawnGroups`(`spawnGroupID`,`spawnGroupName`,`formation`) values (1,'Caldari Sentry',0);

/*Table structure for table `spawns` */

DROP TABLE IF EXISTS `spawns`;

CREATE TABLE `spawns` (
  `spawnID` int(10) unsigned NOT NULL auto_increment,
  `solarSystemID` int(10) unsigned NOT NULL default '0',
  `spawnGroupID` int(10) unsigned NOT NULL default '0',
  `spawnBoundType` int(10) unsigned NOT NULL default '0',
  `spawnTimer` int(10) unsigned NOT NULL default '0',
  `respawnTimeMin` int(10) unsigned NOT NULL default '0',
  `respawnTimeMax` int(10) unsigned NOT NULL default '0',
  PRIMARY KEY  (`spawnID`)
) ENGINE=InnoDB AUTO_INCREMENT=11 DEFAULT CHARSET=utf8;

/*Data for the table `spawns` */

insert  into `spawns`(`spawnID`,`solarSystemID`,`spawnGroupID`,`spawnBoundType`,`spawnTimer`,`respawnTimeMin`,`respawnTimeMax`) values (1,30001407,1,0,0,100,1000),(2,30001407,1,0,0,100,1000),(3,30001407,1,0,0,100,1000),(4,30001407,1,0,0,100,1000),(5,30001407,1,0,0,100,1000),(6,30001407,1,0,0,100,1000),(7,30001407,1,0,0,100,1000),(8,30001407,1,0,0,100,1000),(9,30001406,1,0,0,100,1000),(10,30001406,1,0,0,100,1000);

/*Table structure for table `tutorial_categories` */

DROP TABLE IF EXISTS `tutorial_categories`;

CREATE TABLE `tutorial_categories` (
  `categoryID` int(10) unsigned NOT NULL,
  `categoryName` varchar(100) NOT NULL,
  `description` varchar(200) NOT NULL default '',
  PRIMARY KEY  (`categoryID`)
) ENGINE=InnoDB DEFAULT CHARSET=utf8;

/*Data for the table `tutorial_categories` */

insert  into `tutorial_categories`(`categoryID`,`categoryName`,`description`) values (1,'Beginner Tutorials','Here are the basic tutorials for your first days in EVE!'),(2,'Intermediate Tutorials','Under this category fall all advanced tutorials'),(3,'Advanced Tutorials',''),(4,'Informative Tutorials','');

/*Table structure for table `tutorial_criteria` */

DROP TABLE IF EXISTS `tutorial_criteria`;

CREATE TABLE `tutorial_criteria` (
  `criteriaID` int(10) unsigned NOT NULL default '0',
  `criteriaName` varchar(100) NOT NULL default '',
  `messageText` mediumtext NOT NULL,
  `audioPath` varchar(200) default NULL,
  PRIMARY KEY  (`criteriaID`)
) ENGINE=InnoDB DEFAULT CHARSET=utf8 ROW_FORMAT=DYNAMIC;

/*Data for the table `tutorial_criteria` */

insert  into `tutorial_criteria`(`criteriaID`,`criteriaName`,`messageText`,`audioPath`) values (1,'session.station','The ship must be docked in a station before continuing.','res:/Tutorial2/_criterias/SessionStation.ogg'),(2,'session.inflight','The ship must be in space before continuing.','res:/Tutorial2/_criterias/SessionInflight.ogg'),(3,'session.station_inflight','The ship must either be docked in a station or in flight before continuing.','res:/Tutorial2/_criterias/SessionStationInflight.ogg'),(5,'stationsvc.fitting','The Fitting station service must be open before continuing.','res:/Tutorial2/_criterias/StationServiceFitting.ogg'),(6,'wndopen.wallet','The Wallet must be open before continuing.','res:/Tutorial2/_criterias/WndopenWallet.ogg'),(7,'neocombtnblink.wallet','',NULL),(8,'neocombtnblink.charactersheet','',NULL),(9,'neocombtnblink.addressbook','',NULL),(10,'neocombtnblink.inbox','',NULL),(11,'neocombtnblink.notepad','',NULL),(12,'neocombtnblink.market','',NULL),(13,'neocombtnblink.corporation','',NULL),(14,'neocombtnblink.map','',NULL),(15,'neocombtnblink.assets','',NULL),(16,'neocombtnblink.calculator','',NULL),(17,'neocombtnblink.help','',NULL),(18,'neocombtnblink.channels','',NULL),(19,'neocombtnblink.browser','',NULL),(20,'neocombtnblink.journal','',NULL),(21,'neocombtnblink.jukebox','',NULL),(22,'neocombtnblink.log','',NULL),(23,'neocombtnblink.ships','',NULL),(24,'neocombtnblink.items','',NULL),(25,'stationsvc.medical','The Medical station service must be open before continuing.','res:/Tutorial2/_criterias/StationServiceMedical.ogg'),(26,'stationsvc.repairshop','The Repair station service must be open before continuing.','res:/Tutorial2/_criterias/StationServiceRepairshop.ogg'),(27,'stationsvc.reprocessingplant','The Reprocessing station service must be open before continuing.','res:/Tutorial2/_criterias/StationServiceReprocess.ogg'),(28,'stationsvc.factories','The Factory station service must be open before continuing.','res:/Tutorial2/_criterias/StationServicesFactories.ogg'),(29,'stationsvc.researchfacility','The Research station service must be open before continuing.','res:/Tutorial2/_criterias/StationServiceResearch.ogg'),(30,'stationsvc.missions','The Missions station service must be open before continuing.','res:/Tutorial2/_criterias/StationServiceMissions.ogg'),(31,'stationsvc.insurance','The Insurance station service must be open before continuing.','res:/Tutorial2/_criterias/StationServiceInsurance.ogg'),(32,'wndopen.charactersheet','The Character Sheet must be open before continuing.','res:/Tutorial2/_criterias/WndOpenCharactersheet.ogg'),(33,'wndopen.addressbook','The People and Places window needs to be open before continuing.','res:/Tutorial2/_criterias/WndOpenAddressbook.ogg'),(34,'wndopen.inbox','The Inbox needs to be open before continuing.','res:/Tutorial2/_criterias/WndOpenInbox.ogg'),(35,'wndopen.notepad','The Notepad needs to be open before continuing.','res:/Tutorial2/_criterias/WndOpenNotepad.ogg'),(36,'wndopen.market','The Market window needs to be open before continuing.','res:/Tutorial2/_criterias/WndOpenMarket.ogg'),(37,'wndopen.corporation','The Corporation window needs to be open before continuing.','res:/Tutorial2/_criterias/WndOpenCorporation.ogg'),(38,'wndopen.map','The Map window needs to be open before continuing.','res:/Tutorial2/_criterias/WndOpenMap.ogg'),(39,'wndopen.mapbrowser','The Map Browser window (F11) needs to be open before continuing.','res:/Tutorial2/_criterias/WndOpenMapbrowser.ogg'),(40,'wndopen.assets','The Assets window needs to be open before continuing.','res:/Tutorial2/_criterias/WndOpenAssets.ogg'),(41,'wndopen.calculator','The Calculator window needs to be open before continuing.','res:/Tutorial2/_criterias/WndOpenCalculator.ogg'),(42,'wndopen.help','The Help window needs to be open before continuing.','res:/Tutorial2/_criterias/WndOpenHelp.ogg'),(43,'wndopen.channels','The Channels window needs to be open before continuing.','res:/Tutorial2/_criterias/WndOpenChannels.ogg'),(44,'wndopen.browser','The Browser needs to be open before continuing.','res:/Tutorial2/_criterias/WndOpenBrowser.ogg'),(45,'wndopen.journal','The Journal needs to be open before continuing.','res:/Tutorial2/_criterias/WndOpenJournal.ogg'),(46,'wndopen.jukebox','The Jukebox needs to be open before continuing.','res:/Tutorial2/_criterias/WndOpenJukebox.ogg'),(47,'wndopen.log','The Log window needs to be open before continuing.','res:/Tutorial2/_criterias/WndOpenLog.ogg'),(48,'wndopen.ships','The Ship Hangar needs to be open before continuing.','res:/Tutorial2/_criterias/WndOpenShips.ogg'),(49,'wndopen.items','The Items Hangar needs to be open before continuing.','res:/Tutorial2/_criterias/WndOpenItems.ogg'),(50,'wndopen.cargo','The ship\'s cargo hold needs to be open before continuing.','res:/Tutorial2/_criterias/WndOpenCargo.ogg'),(52,'stationbtnblink.fitting','',NULL),(53,'stationbtnblink.medical','',NULL),(54,'stationbtnblink.repairshop','',NULL),(55,'stationbtnblink.reprocessingplant','',NULL),(56,'stationbtnblink.market','',NULL),(57,'stationbtnblink.factories','',NULL),(58,'stationbtnblink.researchfacility','',NULL),(59,'stationbtnblink.missions','',NULL),(60,'stationbtnblink.insurance','',NULL),(61,'tutorialbtnblink.OK','',NULL),(62,'neocombtnblink.undock','',NULL),(63,'rookieState.1','',NULL),(64,'rookieState.2','',NULL),(65,'rookieState.3','',NULL),(66,'rookieState.4','',NULL),(67,'rookieState.5','',NULL),(68,'rookieState.6','',NULL),(69,'rookieState.7','',NULL),(70,'rookieState.8','',NULL),(71,'rookieState.9','',NULL),(72,'rookieState.10','',NULL),(73,'rookieState.11','',NULL),(74,'rookieState.12','',NULL),(75,'rookieState.13','',NULL),(76,'rookieState.14','',NULL),(77,'rookieState.15','',NULL),(78,'rookieState.16','',NULL),(79,'rookieState.17','',NULL),(80,'rookieState.18','',NULL),(81,'rookieState.19','',NULL),(82,'rookieState.20','',NULL),(83,'shipuibtnblink.ResetCamera','',NULL),(84,'shipuibtnblink.ZoomIn','',NULL),(85,'shipuibtnblink.ZoomOut','',NULL),(86,'shipuibtnblink.Cargo','',NULL),(87,'shipuibtnblink.Tactical','',NULL),(88,'shipuibtnblink.Scanner','',NULL),(89,'shipuibtnblink.Autopilot','',NULL),(90,'shipuibtnblink.HiSlot0','',NULL),(91,'shipuibtnblink.HiSlot1','',NULL),(92,'headerblink.overview','',NULL),(93,'headerblink.activeitem','',NULL),(94,'shipuibtnblink.expandBtnLeft','',NULL),(95,'shipuibtnblink.expandBtnRight','',NULL),(96,'activeitembtnblink.approach','',NULL),(97,'activeitembtnblink.orbit','',NULL),(98,'activeitembtnblink.keepatrange','',NULL),(99,'activeitembtnblink.locktarget','',NULL),(100,'activeitembtnblink.lookat','',NULL),(101,'wndopen.tacticaloverlay','The Tactical Overlay needs to be active before continuing.','res:/Tutorial2/_criterias/WndOpenTacticalOverlay.ogg'),(102,'expanded.overview','The Overview must be open before continuing.','res:/Tutorial2/_criterias/ExpandedOverview.ogg'),(103,'expanded.activeitem','The Selected Items window must be open before continuing.','res:/Tutorial2/_criterias/ExpandedActiveItem.ogg'),(104,'checklocktarget.*','The targeting systems must have locked on to a target before continuing.','res:/Tutorial2/_criterias/CheckLockTarget.ogg'),(105,'checklocktarget.DeadspaceFrigate','The targeting systems must have locked on to an enemy frigate before continuing.','res:/Tutorial2/_criterias/ChkLckTrgtDdSpcFrigate.ogg'),(106,'checklocktarget.DeadspaceCruiser','The targeting systems must have locked on to an enemy cruiser before continuing.','res:/Tutorial2/_criterias/ChkLckTrgtDdSpcCruiser.ogg'),(107,'checklocktarget.Veldspar','The targeting systems must have locked on to a veldspar asteroid before continuing (you might be too far away, APPPROACH it before trying again).','res:/Tutorial2/_criterias/ChkLckTrgtVeldspar.ogg'),(108,'checklocktarget.Station','The targeting systems must have locked on to a large, stationary object in space before continuing.','res:/Tutorial2/_criterias/ChkLckTrgtLrgStatnryObjct.ogg'),(109,'checklocktarget.ConcordDrone','The targeting systems must have locked on to a Concord drone before continuing.','res:/Tutorial2/_criterias/ChkLckTrgtConcordDrone.ogg'),(110,'checklocktarget.CustomsOfficial','The targeting systems must have locked on to a customs official before continuing.','res:/Tutorial2/_criterias/ChkLckTrgtCustomOfficials.ogg'),(112,'checklocktarget.PoliceDrone','The targeting systems must have locked on to a police vessel before continuing.','res:/Tutorial2/_criterias/ChkLckTrgtPoliceDrone.ogg'),(113,'checklocktarget.SentryGun','The targeting systems must have locked on to a sentry gun before continuing.','res:/Tutorial2/_criterias/ChkLckTrgtSentryGun.ogg'),(114,'rookieState.21','',NULL),(115,'rookieState.22','',NULL),(116,'rookieState.23','',NULL),(117,'rookieState.24','',NULL),(118,'rookieState.25','',NULL),(119,'rookieState.26','',NULL),(120,'rookieState.26','',NULL),(121,'rookieState.27','',NULL),(122,'rookieState.28','',NULL),(123,'rookieState.29','',NULL),(124,'rookieState.30','',NULL),(125,'rookieState.31','',NULL),(126,'rookieState.32','',NULL),(127,'rookieState.33','',NULL),(128,'rookieState.34','',NULL),(129,'checkBallpark.typeCelestialBeaconII','We need to warp to the Deadspace Complex before continuing','res:/Tutorial2/_criterias/ChkBllPrkTpCelstlBeacnII.ogg'),(130,'checkBallpark.Beacon','We need to warp to the Deadspace Complex before continuing','res:/Tutorial2/_criterias/ChkNmBllPrkAstrdPrPrcssng.ogg'),(131,'checkBallpark.Veldspar','There must be some veldspar in vicinity before continuing.','res:/Tutorial2/_criterias/ChkBllPrkVeldspar.ogg'),(132,'checkComplex.Room0','',NULL),(133,'checkComplex.Room1','The Acceleration gate needs to be activated before continuing',NULL),(134,'checkComplex.Room2','The Acceleration gate needs to be activated before continuing',NULL),(135,'checkComplex.Room3','The Acceleration gate needs to be activated before continuing',NULL),(136,'checkComplex.Room4','The Acceleration gate needs to be activated before continuing',NULL),(137,'checkComplex.Room5','The Acceleration gate needs to be activated before continuing',NULL),(138,'checkActiveModule.F1','Activate the first module (F1) before continuing.','res:/Tutorial2/_criterias/ChkActvtModuleF1.ogg'),(139,'checkActiveModule.F2','Activate the the second module (F2) before continuing.','res:/Tutorial2/_criterias/ChkActvtModuleF2.ogg'),(140,'checkActiveModule.F3','',NULL),(141,'checkActiveModule.F4','',NULL),(142,'checkActiveModule.F5','',NULL),(143,'checklocktarget.None','The targeting systems need to be unlocked or the target eliminated before continuing.','res:/Tutorial2/_criterias/CheckLockTargetNone.ogg'),(144,'checkcargo.groupAccelerationGateKeys','The Training Complex Passkey must be located in the ship\'s cargo before continuing.','res:/Tutorial2/_criterias/ChkCmplxGrpAcclrtnGateKey.ogg'),(145,'checkcargo.groupVeldspar','There must be some veldspar in the cargo hold before continuing.','res:/Tutorial2/_criterias/ChkCrgGrpVeldspar.ogg'),(146,'checkcargo.groupOverseerPersonalEffects','The Overseer\'s Personal Belongings from the Prize Container must be in the cargo hold before continuing.','res:/Tutorial2/_criterias/ChkCrgOvrsrPrsonalEffects.ogg'),(147,'checklocktarget.DeadspaceOverseersBelongings','The targeting systems must have locked on to the Prize Container before continuing.','res:/Tutorial2/_criterias/ChkLckTrgtDdSpcOvrsrsBlng.ogg'),(148,'checkHangar.typeTritanium','There must be some tritanium in the hangar before continuing.','res:/Tutorial2/_criterias/ChkHngrTypeTritanium.ogg'),(149,'checkHangar.groupVeldspar','There must be some veldspar in the hangar before continuing.','res:/Tutorial2/_criterias/ChkHngrGrpVeldspar.ogg'),(150,'checkNotInHangar.typeTritanium','All tritanium must be sold or removed from the hangar before continuing.','res:/Tutorial2/_criterias/ChkNtInHngrTpTritanium.ogg'),(151,'rookieState.35','',NULL),(152,'rookieState.36','',NULL),(153,'rookieState.37','',NULL),(154,'checkNotInCargo.typeTritanium','All tritanium must be removed from the cargo hold before continuing.','res:/Tutorial2/_criterias/ChkNtInCrgTpTritanium.ogg'),(155,'checkNotInCargo.groupVeldspar','All veldspar must be removed from the cargo hold before continuing.','res:/Tutorial2/_criterias/ChkNtInCrgGrpVeldspar.ogg'),(156,'checkNotInShip.groupCapsule','The pod needs to be inserted into a ship (e.g. from ship hangar) before continuing.','res:/Tutorial2/_criterias/ChkNtInShpGrpCapsule.ogg'),(157,'checkNotInShip.groupRookieship','A ship, other than a rookie ship, must be active before continuing.','res:/Tutorial2/_criterias/ChkNtInShpGrpRookieShip.ogg'),(158,'rookieState.38','',NULL),(159,'rookieState.39','',NULL),(160,'rookieState.40','',NULL),(161,'checkHangar.groupShieldBooster','There must be a shield booster located in the Items Hangar in the current station before continuing.','res:/Tutorial2/_criterias/ChkHngrGrpShieldBooster.ogg'),(162,'checkfitted.groupShieldBooster','The ship must be fitted with a Civilian Shield Booster before continuing (buy one on the Market, dock the ship and use the Fittings station service to fit it).','res:/Tutorial2/_criterias/ChkFttdGrpShieldBooster.ogg'),(163,'checkNotInHangar.typeDamageControlI','The Damage Control must have been sold or removed from the Items Hangar before continuing.','res:/Tutorial2/_criterias/ChkNtInHngrTpBscDmgCntrl.ogg'),(164,'activeitembtnblink.Opencargo','',NULL),(165,'checknameinballpark.AncientAccelerationGateleadingintoDeadspace','The ship must have warped to the Deadspace Training Complex before continuing.','res:/Tutorial2/_criterias/ChkNmBllPrkAstrdPrPrcssng.ogg'),(166,'checknameinballpark.GateBeaconI','The ship must be inside the first pocket of the deadspace complex (past the first acceleration gate) before continuing.','res:/Tutorial2/_criterias/ChkNmBllPrkGateBeaconI.ogg'),(167,'checknameinballpark.GateBeaconII','The ship must be inside the second pocket of the deadspace complex before continuing.','res:/Tutorial2/_criterias/ChkNmBllPrkGateBeaconII.ogg'),(168,'checknameinballpark.GateBeaconIII','The ship must be inside the third pocket of the deadspace complex before continuing.','res:/Tutorial2/_criterias/ChkNmBllPrkGateBeaconIII.ogg'),(169,'rookieState.1000','',NULL),(170,'checkNotInCargo.typeBasicDamageControl','The Damage Control must not be in the ship\'s cargo, but in the hangar before continuing.','res:/Tutorial2/_criterias/ChkNtInCrgTpBscDmgCntrl.ogg'),(171,'checklocktarget.Station','The targeting systems must have locked on to the station before continuing.','res:/Tutorial2/_criterias/ChkLckTrgtStation2.ogg'),(172,'checkSkilltraining.*','There must be a skill in training before continuing.','res:/Tutorial2/_criterias/CheckSkillTraining.ogg'),(173,'rookieState.28_5','',NULL),(174,'wndclosed.map','The map needs to be closed before continuing.','res:/Tutorial2/_criterias/WndClosedMap.ogg'),(178,'checkNotInHangar.groupVeldspar','The veldspar needs to have been reprocessed or sold from the hangar before continuing.','res:/Tutorial2/_criterias/ChkNtInHngrTpVeldspar.ogg'),(179,'wndclosed.items','The items hangar needs to be closed before continuing.','res:/Tutorial2/_criterias/WndClosedItems.ogg'),(180,'wndclosed.cargo','The cargo needs to be closed before continuing.','res:/Tutorial2/_criterias/WndClosedCargo.ogg'),(181,'wndclosed.charactersheet','The character sheet needs to be closed before continuing.','res:/Tutorial2/_criterias/WndClosedCharactersheet.ogg'),(182,'wndclosed.wallet','The wallet needs to be closed before continuing.','res:/Tutorial2/_criterias/WndClosedWallet.ogg'),(183,'wndclosed.reprocessingplant','The reprocessing station service needs to be closed before continuing.','res:/Tutorial2/_criterias/WndClosedReprocessing.ogg'),(184,'wndclosed.market','The market needs to be closed before continuing (left-click the [x] in its upper right corner).','res:/Tutorial2/_criterias/WndClosedMarket.ogg'),(185,'wndclosed.fitting','The fitting station service needs to be closed before continuing.','res:/Tutorial2/_criterias/WndClosedFitting.ogg'),(186,'wndclosed.mapbrowser','The map browser needs to be closed before continuing.','res:/Tutorial2/_criterias/WndClosedMapbrowser.ogg'),(187,'checkNotInHangar.groupVeldspar','All veldspar must be sold or removed from the hangar before continuing.','res:/Tutorial2/_criterias/ChkNtHngrGrpVeldspar.ogg'),(188,'checknamenotinballpark.PirateKeyholder','The targets must be eliminated before continuing.','res:/Tutorial2/_criterias/CheckAutomatonsEliminated.ogg'),(189,'checknamenotinballpark.AutomatedCentiiTrainingVessel','The targets must be eliminated before continuing.','res:/Tutorial2/_criterias/CheckAutomatonsEliminated.ogg'),(190,'checknamenotinballpark.PirateCaptainAutomaton','The targets must be eliminated before continuing.','res:/Tutorial2/_criterias/CheckAutomatonsEliminated.ogg'),(191,'wndclosed.addressbook','The People and Places window needs to be closed before continuing.','res:/Tutorial2/_criterias/WndClosedAddressbook.ogg'),(192,'checkTutorialAgent.all','The ship must be docked in our home station before continuing.','res:/Tutorial2/_criterias/CheckTutorialAgent.ogg'),(193,'tutorialDone.02','',NULL),(194,'wndclosed.assets','The assets window needs to be closed before continuing.','res:/Tutorial2/_criterias/WndClosedAssets.ogg'),(195,'deadspace.accelgatefromlastpage','Please continue the tutorial before activating the gate.',NULL),(196,'IfNameInBallparkThenNoGateActivation.DeadspaceTrainingComplex','You must proceed further in the tutorial before activating this gate.',NULL),(197,'IfNameInBallparkThenNoGateActivation.GateBeaconI','You must proceed further in the tutorial before activating this gate.',NULL),(198,'IfNameInBallparkThenNoGateActivation.GateBeaconII','You must proceed further in the tutorial before activating this gate.',NULL),(199,'IfNameInBallparkThenNoGateActivation.GateBeaconIII','You must proceed further in the tutorial before activating this gate.',NULL),(200,'checknamenotinballpark.AutomatedCoreliTrainingVessel','The targets must be eliminated before continuing.','res:/Tutorial2/_criterias/CheckAutomatonsEliminated.ogg'),(201,'checknamenotinballpark.AutomatedCorpiiTrainingVessel','The targets must be eliminated before continuing.','res:/Tutorial2/_criterias/CheckAutomatonsEliminated.ogg'),(202,'checknamenotinballpark.AutomatedGistiTrainingVessel','The targets must be eliminated before continuing.','res:/Tutorial2/_criterias/CheckAutomatonsEliminated.ogg'),(203,'checknamenotinballpark.AutomatedPithiTrainingVessel','The targets must be eliminated before continuing.','res:/Tutorial2/_criterias/CheckAutomatonsEliminated.ogg');

/*Table structure for table `tutorial_page_criteria` */

DROP TABLE IF EXISTS `tutorial_page_criteria`;

CREATE TABLE `tutorial_page_criteria` (
  `pageID` int(10) unsigned NOT NULL default '0',
  `criteriaID` int(10) unsigned NOT NULL default '0',
  PRIMARY KEY  (`pageID`,`criteriaID`)
) ENGINE=InnoDB DEFAULT CHARSET=utf8 ROW_FORMAT=DYNAMIC;

/*Data for the table `tutorial_page_criteria` */

insert  into `tutorial_page_criteria`(`pageID`,`criteriaID`) values (1001608,1),(1001608,62),(1001608,72),(1001608,174),(1001608,193),(1001609,2),(1001925,61),(1001925,92),(1001925,116),(1001926,61),(1001927,61),(1001928,61),(1001929,61),(1001929,93),(1001930,61),(1001931,61),(1001931,117),(1001932,61),(1001932,97),(1001933,61),(1001934,61),(1001934,118),(1001935,61),(1001935,119),(1001936,61),(1002099,2),(1002099,61),(1002099,72),(1002100,2),(1002100,61),(1002101,2),(1002101,61),(1002101,82),(1002102,61),(1002103,1),(1002103,61),(1002103,62),(1002225,61),(1002225,121),(1002226,61),(1002227,61),(1002228,61),(1002228,104),(1002229,61),(1002230,61),(1002231,61),(1002231,122),(1002231,156),(1002313,61),(1002313,127),(1002313,196),(1002314,61),(1002314,196),(1002315,61),(1002315,196),(1002316,61),(1002316,96),(1002316,196),(1002317,61),(1002317,90),(1002317,196),(1002318,61),(1002318,196),(1002319,61),(1002319,96),(1002319,127),(1002319,189),(1002319,196),(1002319,200),(1002319,201),(1002319,202),(1002319,203),(1002320,61),(1002320,86),(1002320,196),(1002321,50),(1002321,61),(1002321,196),(1002322,61),(1002322,196),(1002323,61),(1002323,196),(1002372,61),(1002372,127),(1002372,196),(1002373,61),(1002385,12),(1002385,61),(1002385,69),(1002385,182),(1002386,36),(1002386,61),(1002387,36),(1002387,61),(1002388,36),(1002388,61),(1002389,36),(1002389,61),(1002390,36),(1002390,61),(1002391,36),(1002391,61),(1002391,161),(1002392,36),(1002392,61),(1002393,36),(1002393,61),(1002394,36),(1002394,61),(1002395,36),(1002395,61),(1002402,61),(1002402,127),(1002402,174),(1002402,179),(1002402,180),(1002402,181),(1002402,182),(1002402,184),(1002402,186),(1002402,191),(1002431,54),(1002431,61),(1002431,153),(1002432,26),(1002432,61),(1002436,1),(1002436,61),(1002436,158),(1002437,1),(1002437,61),(1002437,159),(1002437,192),(1002438,1),(1002438,20),(1002438,61),(1002438,160),(1002439,1),(1002439,45),(1002439,61),(1002440,1),(1002440,61),(1002441,1),(1002441,61),(1002442,1),(1002442,61),(1002442,62),(1002443,2),(1002443,61),(1002444,61),(1002445,20),(1002445,61),(1002446,45),(1002446,61),(1002447,2),(1002447,61),(1002448,1),(1002448,61),(1002448,192),(1002449,1),(1002449,61),(1002449,192),(1002450,24),(1002450,61),(1002451,49),(1002451,50),(1002451,61),(1002452,2),(1002452,20),(1002452,61),(1002453,2),(1002453,45),(1002453,61),(1002454,3),(1002454,61),(1002454,89),(1002455,2),(1002455,20),(1002455,61),(1002456,1),(1002456,61),(1002457,1),(1002457,61),(1002457,62),(1002458,2),(1002458,61),(1002458,89),(1002459,61),(1002460,1),(1002460,9),(1002460,61),(1002460,192),(1002461,33),(1002461,61),(1002462,61),(1002463,61),(1002464,61),(1002472,61),(1002472,115),(1002473,61),(1002474,61),(1002475,61),(1002476,61),(1002477,13),(1002477,61),(1002477,153),(1002478,61),(1002479,18),(1002479,61),(1002480,43),(1002480,61),(1002481,61),(1002482,61),(1002483,61),(1002486,48),(1002486,61),(1002486,64),(1002487,48),(1002487,61),(1002488,48),(1002488,61),(1002489,61),(1002489,63),(1002490,61),(1002491,23),(1002491,61),(1002491,64),(1002492,61),(1002492,66),(1002493,49),(1002493,55),(1002493,61),(1002493,67),(1002494,27),(1002494,61),(1002495,61),(1002495,163),(1002496,24),(1002496,61),(1002496,183),(1002497,49),(1002497,61),(1002498,61),(1002498,150),(1002499,7),(1002499,61),(1002499,68),(1002499,179),(1002500,6),(1002500,61),(1002501,61),(1002502,61),(1002515,61),(1002515,127),(1002516,61),(1002516,189),(1002516,190),(1002516,200),(1002516,201),(1002516,202),(1002516,203),(1002517,61),(1002517,86),(1002518,50),(1002518,61),(1002519,50),(1002519,61),(1002520,50),(1002520,61),(1002521,61),(1002521,145),(1002522,40),(1002522,61),(1002522,128),(1002522,184),(1002523,40),(1002523,61),(1002523,184),(1002524,40),(1002524,61),(1002525,61),(1002525,62),(1002525,174),(1002525,179),(1002525,180),(1002525,181),(1002525,182),(1002525,183),(1002525,184),(1002525,185),(1002525,186),(1002526,2),(1002526,61),(1002527,61),(1002527,89),(1002527,151),(1002528,61),(1002529,1),(1002529,24),(1002529,61),(1002529,62),(1002530,2),(1002530,9),(1002530,61),(1002531,61),(1002531,89),(1002532,9),(1002532,61),(1002533,1),(1002533,61),(1002533,192),(1002534,17),(1002534,61),(1002534,158),(1002535,42),(1002535,61),(1002536,61),(1002537,61),(1002551,8),(1002551,61),(1002551,65),(1002551,156),(1002552,32),(1002552,61),(1002553,32),(1002553,61),(1002554,32),(1002554,61),(1002555,32),(1002555,61),(1002569,18),(1002569,61),(1002569,173),(1002570,61),(1002571,61),(1002572,18),(1002572,61),(1002572,123),(1002573,61),(1002574,9),(1002574,61),(1002574,124),(1002575,33),(1002575,61),(1002576,10),(1002576,61),(1002576,125),(1002577,34),(1002577,61),(1002578,61),(1002579,61),(1002580,61),(1002581,61),(1002581,127),(1002581,197),(1002582,61),(1002582,87),(1002582,197),(1002583,61),(1002583,101),(1002583,197),(1002584,61),(1002584,197),(1002585,61),(1002585,196),(1002586,61),(1002586,197),(1002587,61),(1002587,188),(1002587,189),(1002587,197),(1002587,200),(1002587,201),(1002587,202),(1002587,203),(1002588,61),(1002588,144),(1002589,61),(1002589,127),(1002589,198),(1002590,61),(1002590,198),(1002591,61),(1002591,198),(1002592,61),(1002592,91),(1002592,107),(1002592,198),(1002593,61),(1002593,145),(1002593,198),(1002594,61),(1002594,145),(1002606,52),(1002606,61),(1002606,70),(1002606,184),(1002607,5),(1002607,61),(1002608,5),(1002608,61),(1002609,5),(1002609,24),(1002609,61),(1002610,5),(1002610,49),(1002610,61),(1002610,161),(1002611,5),(1002611,61),(1002611,162),(1002612,5),(1002612,61),(1002613,5),(1002613,61),(1002614,14),(1002615,61),(1002616,50),(1002616,61),(1002616,185),(1002617,61),(1002618,14),(1002618,61),(1002618,128),(1002618,174),(1002618,179),(1002618,180),(1002618,181),(1002618,182),(1002618,183),(1002618,184),(1002618,185),(1002618,186),(1002618,191),(1002619,38),(1002619,61),(1002620,38),(1002620,61),(1002621,38),(1002621,61),(1002622,38),(1002622,61),(1002623,38),(1002623,61),(1002624,38),(1002624,61),(1002625,38),(1002625,61),(1002626,38),(1002626,61),(1002627,38),(1002627,61),(1002628,38),(1002628,61),(1002629,24),(1002629,61),(1002629,66),(1002629,181),(1002630,49),(1002630,61),(1002631,61),(1002631,125),(1002632,9),(1002632,61),(1002633,33),(1002633,61),(1002634,61),(1002634,127),(1002635,33),(1002635,61),(1002636,61),(1002637,61),(1002638,61),(1002639,61),(1002639,165),(1002640,61),(1002640,92),(1002640,165),(1002641,61),(1002641,102),(1002641,165),(1002642,15),(1002642,61),(1002642,128),(1002643,40),(1002643,61),(1002644,12),(1002644,61),(1002645,36),(1002645,61),(1002646,36),(1002646,61),(1002647,36),(1002647,61),(1002648,36),(1002648,61),(1002649,15),(1002649,61),(1002650,24),(1002650,61),(1002650,127),(1002651,49),(1002651,50),(1002651,61),(1002652,55),(1002652,61),(1002652,149),(1002653,55),(1002653,61),(1002653,179),(1002653,180),(1002654,61),(1002655,61),(1002656,12),(1002656,61),(1002657,61),(1002658,14),(1002658,61),(1002658,71),(1002658,179),(1002658,180),(1002658,181),(1002658,182),(1002658,183),(1002658,184),(1002658,185),(1002659,38),(1002659,61),(1002660,38),(1002660,61),(1002661,61),(1002662,38),(1002662,61),(1002663,38),(1002663,61),(1002664,61),(1002664,114),(1002665,61),(1002665,94),(1002665,95),(1002666,61),(1002667,61),(1002668,61),(1002669,61),(1002670,61),(1002671,61),(1002671,95),(1002672,61),(1002672,162),(1002673,61),(1002673,94),(1002674,61),(1002675,61),(1002676,61),(1002676,115);

/*Table structure for table `tutorial_pages` */

DROP TABLE IF EXISTS `tutorial_pages`;

CREATE TABLE `tutorial_pages` (
  `pageID` int(10) unsigned NOT NULL default '0',
  `pageNumber` int(10) unsigned NOT NULL default '0',
  `pageName` varchar(100) NOT NULL default '',
  `text` mediumtext NOT NULL,
  `imagePath` varchar(200) default NULL,
  `audioPath` varchar(200) NOT NULL default '',
  `tutorialID` int(10) unsigned NOT NULL default '0',
  PRIMARY KEY  (`pageID`),
  UNIQUE KEY `tutorialID` (`tutorialID`,`pageNumber`)
) ENGINE=InnoDB DEFAULT CHARSET=utf8;

/*Data for the table `tutorial_pages` */

insert  into `tutorial_pages`(`pageID`,`pageNumber`,`pageName`,`text`,`imagePath`,`audioPath`,`tutorialID`) values (1001608,1,'Undock from station','I bet that by now you want to leave the safety of the space station, don\'t you? <b>Locate the \"Undock\" button</b> that I just added to the bottom of the NeoCom and <b>left click it</b>.','res:/tutorial2/img/undock.png','res:/Tutorial2/UndockDock/UndockFromStation.ogg',16),(1001609,2,'Undock','The ship must be in space before continuing.','','',16),(1001925,1,'Locate the Overview','As you must have seen, there are a lot of objects in space we can interact with. To see a list of close by objects as well as far away celestial beacons, <b>expand the \"Overview\" window</b> that I have made visible in the upper right corner of your view <b>by left clicking it</b>.','res:/tutorial2/img/locateoverview.png','res:/Tutorial2/Overview/LocateTheOverview.ogg',21),(1001926,2,'What is the overview?','The icons by the objects\' in the Overview indicate their type. Arrows pointing down are man made beacons in space, ships are marked with crosses and squares denote space stations. Briefly run through the list you see and then <b>click \"OK\"</b>.',NULL,'res:/Tutorial2/Overview/WhatIsTheOverview.ogg',21),(1001927,3,'Drop down menus','You can <b>right-click any object in the Overview</b> and a selection menu will appear, listing all commands available for that target. It is the <b>same menu</b> you get if you <b>right-click these objects in-space</b>. Try it out before continuing, but do not choose any commands yet.',NULL,'res:/Tutorial2/Overview/DropDownMenus.ogg',21),(1001928,4,'Filtering','The Overview can be customized. <b>Right-click on the triangle in the Overview header and select \"Overview settings...\"</b> to see what we can filter for. Keep the default settings for now, but browse the options to get to know the overview better before continuing.','res:/tutorial2/img/overviewsettings.png','res:/Tutorial2/Overview/Filtering.ogg',21),(1001929,5,'Overview command menu','The \"Selected item\" part of the overview is used to perform commands on objects in the overview. <b>Left click the \"Selected item\" to expand it</b> and then continue.',NULL,'res:/Tutorial2/Overview/OverviewCommandMenu.ogg',21),(1001930,6,'Selected item commands','If you <b>left-click an object in the \"Overview\"</b>, a list of the available commands for that object will appear under \"Selected item\". Try this out on different objects and then <b>press \"OK\"</b> to continue.','res:/tutorial2/img/stationoverview.png','res:/Tutorial2/Overview/SelectedItemsCommands.ogg',21),(1001931,1,'Select an object to orbit','It is time to get to know the automatic navigation systems. <b>Select a sentry gun in the overview,</b> and the \"Orbit\" command will appear in the \"Selected Items\" window. Then continue.','res:/tutorial2/img/selectObject.png','res:/Tutorial2/NaviAuto/Orbiting.ogg',19),(1001932,2,'Orbiting another object','<b>Select the \"Orbit\" command from the context menu or activate it through the \"Selected items\" window</b>. Set the orbit to, say, 4000 meters. You are able to set and reset the default orbit distance at any time by right clicking the \"Orbit\" command in the \"Selected items\" window and selecting a new orbit distance.','res:/tutorial2/img/orbiting1.png','res:/Tutorial2/NaviAuto/OrbitingAnotherObject.ogg',19),(1001933,3,'Why is orbiting so important?','In a larger, less agile ship, such as a cruiser or a battleship, orbiting is of little use. However, when we are in a frigate or a destroyer and targeting larger objects, our smaller ship\'s guns superior tracking speed can make orbiting advantageous.','','res:/Tutorial2/NaviAuto/WhyIsOrbitingSoImportant.ogg',19),(1001934,4,'Keeping at range','Keeping an opponent at a certain range can be very helpful as his weapon systems might not work well within or outside a certain range. To practice, <b>select the \"Keep at range\" command from the context menu or through the Overview</b> on any of the police vessels that orbit the space station.','','res:/Tutorial2/NaviAuto/KeepingAtRange.ogg',19),(1001935,5,'Approaching','Now we will practice how to approach an object. <b>Select the space station</b> in the Overview and <b>left-click the \"Approach\" button in the \"Select item\" window. Or</b> you can left-click and hold the pointer on the station in space and <b>select the Approach command from the context menu</b>.','res:/tutorial2/img/approachsentrygun.png','res:/Tutorial2/NaviAuto/Approach.ogg',19),(1001936,6,'A word about automatic systems','The automatic systems save us a lot of the work involved in flying our ship, allowing us to concentrate on other things.  The systems cannot do the job for us - We are always the ones who need to initiate action, deciding what to do and when to do it.',NULL,'res:/Tutorial2/NaviAuto/AWordAboutAutomaticSystem.ogg',19),(1002099,1,'Orientation in space','Visually <b>locate the space station</b>. Use the same controls as you did in the map view - simply <b>left-click and hold the pointer anywhere in space</b> - not on an object - <b>and move it around</b>.','','res:/Tutorial2/UndockDock/LocateTheSpaceStation.ogg',17),(1002100,2,'Zoom in and out','It may help to zoom in and out a bit. To do that, <b>left and right click and hold</b> anywhere in space and then <b>move the pointer back and forth (or use the mousewheel)</b>. The view can be pulled quite far back as you will see.','','res:/Tutorial2/UndockDock/ZoomInAndOutDock.ogg',17),(1002101,3,'Dock with the station.','<b>Left-click and hold the pointer on the space station</b>. The context menu that appears contains the actions available to us. Choose the \"Dock\" option and the automatic guiding system will pull us in.','res:/tutorial2/img/dockstation1.png','res:/Tutorial2/UndockDock/DockWithTheStation.ogg',17),(1002102,4,'When in doubt - Right click!','The context menu is comfortable to use, but it is only one of many ways to give commands. All available commands can be activated through right click menus. An easy rule of thumb is: <b>\"When in doubt - Right click!\"</b>','res:/tutorial2/img/dockstation2.png','res:/Tutorial2/UndockDock/WhenInDoubtRightClick.ogg',17),(1002103,5,'Undock again','Excellent! We are back inside the safety of the station. It is good to kick back and relax for a little while, but it is not profitable, so let us <b>undock again</b> and get this show on the road.','res:/tutorial2/img/undock.png','res:/Tutorial2/UndockDock/UndockAgain.ogg',17),(1002225,1,'The targeting system','One of the available commands for nearby, selected objects is to \"Lock\" on to them. <b>The ship\'s targeting system</b> calculates the target\'s exact location and <b>enables us to use our weapons or mining lasers</b> directly on them.','','res:/Tutorial2/LockUnlock/TheTargetingSystem.ogg',38),(1002226,2,'Locking on to the space station','This is a little dangerous, so make sure to follow my instructions carefully. Let us pretend the space station we just undocked from is a hostile target. First, <b>select the space station in the Overview</b> (denoted with a square in the Overview) <b>and then click the \"Lock\" command</b> in the \"Selected item\" window.','res:/tutorial2/img/lockingtargeSI.png','res:/Tutorial2/LockUnlock/LookingOnToTheSpaceStatio.ogg',38),(1002227,3,'Target acquired - Locate your weapon module','<b>Double-check that the space station is indeed our target</b>. It should appear in the upper right corner by the overview, with crosshairs around it. Then <b>locate the weapon module</b> - it is one of the modules in the control console - and <b>press OK</b>.','res:/tutorial2/img/lockedtargetstation.png','res:/Tutorial2/LockUnlock/TargetAquiredLocateYourWe.ogg',38),(1002228,4,'Aura\'s warning','Open fire by <b>left clicking the weapon module in the control console</b>. When you do this, you will get one final warning from my security systems not to attack. Try this out, but do not confirm the firing command unless you want our ship destroyed! <b>Press \"OK\"</b> when you are done.','res:/tutorial2/img/warningguns.png','res:/Tutorial2/LockUnlock/AurasWarning.ogg',38),(1002229,5,'CONCORD police protects law abiding citizens','CONCORD is an independent organization founded a century ago to improve relations between the races.  In high-security systems they (and their navy-allies) act as police, protecting pilots from the threat of piracy.  Therefore <b>it is very important not to shoot at the wrong targets</b>, or we will get these guys on our backs.','','res:/Tutorial2/LockUnlock/CONCORDPoliceProtectsLaw.ogg',38),(1002230,6,'Watch out in 0.5 to 1.0 security level space','What we normally call \"Empire space\" is the 0.1 to 1.0 security space. This is where pilots and civilian structures are protected by Concord. <b>If we shoot at pilots or structures where security is high, 0.5 to 1.0, Concord</b> (and empire navies) <b>will take us down without mercy.</b> Even if you give the order to shoot, I will give you one last warning.','res:/tutorial2/img/securitylevel.png','res:/Tutorial2/LockUnlock/WatchOutIn05To10Security.ogg',38),(1002231,7,'Unlock target','We can select multiple targets, but when the limits of the ship\'s targeting computer have been reached, we need to unlock a target in order to be able to choose a new one. <b>Right-click a target we have locked on to</b> and <b>select \"Unlock\" from the drop-down menu\"</b>. Unlock all aquired targets before continuing.','res:/tutorial2/img/unlocktarget.png','res:/Tutorial2/LockUnlock/UnlockTarget.ogg',38),(1002313,1,'Lock on to a pirate','First we need to lock on to the pirates and then use the weapons to blast through their defenses. To lock on to the target <b>left-click and hold</b> on the pirates\' icons and use the context menu <b>or Ctrl+left-click the pirates in the Overview</b>. Choose your preference.','res:/tutorial2/img/lockpirate.png','res:/Tutorial2/Attacking/LockOnToAPirate.ogg',28),(1002314,2,'Checking the bounty','Most pirates have bounties on their heads. If we eliminate a pirate we will receive the amount placed on him. To check how high the bounty is, <b>left click the pirate and select \"Show info\"</b> from the context menu.','res:/tutorial2/img/wanted.png','res:/Tutorial2/Attacking/CheckTheBounty.ogg',28),(1002315,3,'Readying the shield booster','During a fight, <b>protective modules such as a Civilian Shield Booster can be a pilot\'s best friend</b>. Left-click it to activate if our shields start going down! Left-click to deactivate when it is not needed, or it will deplete the capacitor.','','res:/Tutorial2/Attacking/ReadyingTheShieldBooster.ogg',28),(1002316,4,'Approaching the target','<b>Approach (or orbit) the target</b>. As you should have learnt by now, we can do that through the \"Selected Items\" window or the context menu. <b>Press OK</b> as soon as we start moving.','res:/tutorial2/img/approachpirate.png','res:/Tutorial2/Attacking/ApproachingTheTarget.ogg',28),(1002317,5,'Activating the guns','<b>Left-click our guns</b> to shoot. Keep trying until we are in range! The blinking crosshairs around our prey indicate what we are shooting at. <b>When our shots start landing, press OK</b> and I will explain what is happening.','res:/tutorial2/img/activateguns.png','res:/Tutorial2/Attacking/ActivatingTheGuns.ogg',28),(1002318,6,'Killing the pirates','The three red bars below our target are its shield [SH], armor [AR] and structure [ST]. Watch how they go down as our shots land. Once the pirate\'s structure [ST] reaches zero, victory is ours. Be careful if our ship also takes damage! <b>Press OK when we have eliminated both pirates</b>.','res:/tutorial2/img/attackpirate2.png','res:/Tutorial2/Attacking/KillingThePirates.ogg',28),(1002319,1,'Looking into loot containers','Destroyed ships can leave behind salvageable items. These are stored inside containers that float in space. To check for items we need to <b>approach the container we want to inspect</b>.',NULL,'res:/Tutorial2/Rewards/LookingIntoLootContainers.ogg',24),(1002320,2,'Looting containers','To open the container, <b>left-click it and hold</b> and select the <b>\"Open\"</b> option from the context menu. Open our cargo by <b>pressing the cargo utility button.</b>','res:/tutorial2/img/container.png','res:/Tutorial2/Rewards/LootingContainers.ogg',24),(1002321,3,'Dragging the loot into the cargo hold','<b>Drag and drop the loot from the container to our cargo hold</b>. We can actually also drag and drop it onto the utility button itself and it will end up in the cargo hold.','','res:/Tutorial2/Rewards/DraggingTheLootIntoTheCar.ogg',24),(1002322,4,'Showing items to others','It is sometimes fun to show off loot we have obtained. <b>Drag and drop a piece of loot to the text input line in a chat channel and press enter</b>. Everyone in that channel will see it.','','res:/Tutorial2/Rewards/ShowingItemsToOthers.ogg',24),(1002323,5,'Is this bragging or is it practical?','Showing others what we own is not only for bragging - although that is half the fun - but it can also be useful in getting advice or information, or simply to sell the item in question.<b> Ask in the corp or local channel what we can do with our loot</b>.','','res:/Tutorial2/Rewards/IsThisBraggingOrPractical.ogg',24),(1002385,1,'What is the market?','<b>Open the market from the NeoCom.</b> It can be used to instantly buy whatever is in stock anywhere in the region of space we are in. I will take you through it in small steps, <b>tell me when you are ready to continue</b>. ','res:/tutorial2/img/iconmarket.png','res:/Tutorial2/Market/WhatIsTheMarket.ogg',12),(1002386,2,'Availability','There are thousands of items in supply at any given time. The key to finding what you need at the best price is to know how to <b>use the range filters</b> and learn how to manually <b>browse</b> or <b>search</b> the market.',NULL,'res:/Tutorial2/Market/Availability.ogg',12),(1002387,3,'Double checking the range filter','First make sure that the <b>the \"Range Filter\" is set to \"Station\"</b> or we could end up buying a module located in a station light years away.','res:/tutorial2/img/OtherTabs.png','res:/Tutorial2/Market/DoubleCheckingTheRangeFil.ogg',12),(1002388,4,'Item usability','Unfortunately you can not use all available items straight away. To see what you have sufficient skills to use, first <b>expand the \"Ship Equipment\" category if you have not already done that.</b>','res:/tutorial2/img/civilianmodules.png','res:/Tutorial2/Market/ItemUsability.ogg',12),(1002389,5,'Browse to individual modules','<b>Click on the \"Civilian Modules\"</b> and then a list of all available equipment in that category appears in the \"Groups\" tab in the right half of the market window.','res:/tutorial2/img/civilianmodules.png','res:/Tutorial2/Market/BrowseToIndividualModules.ogg',12),(1002390,6,'Buying the Civilian Shield Booster','Buy the \"Civilian Shield Booster\" from this category now. To do it, <b>left click the \"Buy\" button</b> below it in the \"Groups\" menu on the right.','res:/tutorial2/img/buyingcivilan.png','res:/Tutorial2/Market/BuyingTheCivilianShieldBo.ogg',12),(1002391,7,'Skill requirements','A <b>green marker</b> by an item in the market window means you <b>meet all skill requirements</b> and can use the item, while a <b>red marker</b> means you <b>lack some skills</b>. Some items, like ammunition, have no requirements and thus no markers.','res:/tutorial2/img/ItemUsability.png','res:/Tutorial2/Market/SkillRequirements.ogg',12),(1002392,8,'Viewing details','It is imperative to know when to sell and when not to, and when it comes to that, information is king! First, either <b>select an item in the left pane</b> or press the <b>\"View details\"</b> button in the right pane. When you see a list of sellers, <b>press \"OK\"</b>.',NULL,'res:/Tutorial2/Market/ViewingDetails.ogg',12),(1002393,9,'Price History','Above the list of sellers, <b>click on the \"Price History\"</b> tab. It gives us a hint whether the price on this item is likely to rise or fall. <b>Left click the \"Groups\" tab at the top and then press OK</b>.','res:/tutorial2/img/pricehistory.png','res:/Tutorial2/Market/PriceHistory.ogg',12),(1002394,10,'Rule of thumb on the market!','<b>Never buy anything we can not afford to lose!</b> It is inevitable that we lose a ship or two. Even lots of them! When it happens, it is important not to be completely broke.','','res:/Tutorial2/Market/RuleOfThumbOnTheMarket.ogg',12),(1002395,11,'Fetching bought items','Remember that <b>items are always delievered to our hangar in the station they are sold at</b>. That means if we buy an item nine jumps away, we will need to perform nine jumps to pick it up. Now, <b>close the market</b> and continue.',NULL,'res:/Tutorial2/Market/FetchingBoughtItems.ogg',12),(1002472,1,'Automatic and manual navigation','Navigating can be done manually or automatic. Automatic navigation is the most exact and comfortable way to fly, but sometimes, particularly in combat, manual navigation can be necessary to gain the upper hand.','','res:/Tutorial2/NaviMan/AutomaticAndManualNavigat.ogg',18),(1002473,2,'Click the speedometer','To fly in the direction our ship is facing, <b>click somewhere on the speedometer</b>. That will set the speed we fly at in that direction. Change speed a few times and then <b>click it at the far right end</b> to set the speed to maximum. Then continue.','res:/tutorial2/img/speedom1.png','res:/Tutorial2/NaviMan/ClickTheSpeedometer.ogg',18),(1002474,3,'Double click in space','To change directions <b>double click anywhere in space</b> to fly there. Notice that the speedometer notifies us how fast we are going. Change the camera angle and repeat the double click navigation as often as you like to change directions. <b>Press OK</b> when you want to know how to stop.','res:/tutorial2/img/doubleclick.png','res:/Tutorial2/NaviMan/DoubleClickInSpace.ogg',18),(1002475,4,'Stopping the ship','To stop the ship, you can <b>left click the speedometer at the far left end</b> to set maximum speed at zero. <b>Or</b> you can <b>left click and hold on the ship and select \"Stop\"</b> from the context menu. Let me know when we are completely still and we will continue.','res:/tutorial2/img/stopoption.png','res:/Tutorial2/NaviMan/StoppingTheShip.ogg',18),(1002476,5,'Rule of thumb!','The main rule of thumb is: <b>When in doubt - Right click!</b> For example, to stop you could have right-clicked the ship and selected \"Stop my ship\" from the selection menu. I love those thumb rules. Makes me wish I had digits.','res:/tutorial2/img/stopship.png','res:/Tutorial2/NaviMan/RuleOfThumb.ogg',18),(1002486,1,'The escape capsule','We are located inside an <b>egg-shaped escape capsule</b>, commonly referred to as the \"pod\". You are immersed in a protective, biochemical liquid and your neural system has been hardwired to the controls.','res:/tutorial2/img/PodPlayerIntrod1.png','res:/Tutorial2/ShpHngrBrd/TheEscapeCapsule.ogg',6),(1002487,2,'The pod, your surroundings and the interface','You communicate with the capsule as you would any standard computer, through a virtual interface that responds to <b>right- and left-clicking.</b> Sensory data, like virtual sounds, are fed straight into your brain to help with piloting.','res:/tutorial2/img/capsulenew.png','res:/Tutorial2/ShpHngrBrd/ThePodYourSurroundings.ogg',6),(1002488,3,'Activating your ship','<b>Right click the ship</b> in our ship hangar and select <b>\"Make active\"</b> from the selection menu. The capsule will be inserted into the ship. You might feel a small tingle running down your spine as your neural pathways adjust to the change.','res:/tutorial2/img/makeshipactive.png','res:/Tutorial2/ShpHngrBrd/ActivatingYourShip.ogg',6),(1002489,1,'Aura\'s introduction','Welcome! I am Aura, your spacecraft\'s computer. Congratulations on your pilot\'s license.','','res:/Tutorial2/Aura/AurasIntroduction.ogg',5),(1002490,2,'Canceling the tutorial','I am obliged to tell you that the tutorials can be cancelled categorically by unchecking the \"Show Tutorials\" checkbox on the <b>\"Generic\"</b> tab on the main menu - <b>Press the Esc key to access that.</b> If you do that, you will never hear from me again. You can reset all tutorials on the \"Reset Settings\" tab in the main menu, or cancel them individually by closing this window. <b>I strongly recommend you run through my tutorials at least once!</b>','','res:/Tutorial2/Aura/CancelingTheTutorial.ogg',5),(1002491,3,'Opening the ship hangar','As the tutorial progresses I will gradually reveal the interface to you. The bar I just revealed on the left is called the <b>NeoCom</b>. From that, <b>open our ship hangar.</b> Before leaving the space station you need to activate our space ship and start training a skill. ','res:/tutorial2/img/iconshiphangarnew.png','res:/Tutorial2/Aura/OpeningTheShipHangar.ogg',5),(1002492,1,'Station services','Space stations provide various services. From our dock we can for example use repair shops, medical services and access a reprocessing plant. <b>Press \"OK\" and watch the station service panel appear</b> on the right.','res:/tutorial2/img/stationservices.png','res:/Tutorial2/Reprocess/StationServices.ogg',9),(1002493,2,'Opening the reprocess station service','The reprocessing plant breaks things into the minerals they are made of. Let us reprocess the Damage Control from our hangar. To access the reprocessing station service, <b>left click the service button<b> I just lit up for you <b>and then \"OK\"</b> to continue.','res:/tutorial2/img/iconsreprocess.png','res:/Tutorial2/Reprocess/OpeningTheReprocessStatio.ogg',9),(1002494,3,'Reprocessing equipment','<b>Select the Damage Control</b> (in the Reprocessing panel) <b>and left-click on \"Reprocess\"</b> at the bottom of the reprocessing panel. The reprocessing station will tell us how much tritanium (and other minerals) we will get from refining this item. <b>Accept and continue.</b>','res:/tutorial2/img/HowTo1.png','res:/Tutorial2/Reprocess/ReprocessingEquipment.ogg',9),(1002495,4,'Take care what you reprocess','Be careful not to reprocess things we need to hold on to! The reprocessing service shoots first and asks questions later. All refining is therefore irrevocable! <b>Now close the reprocessing panel</b> and continue.',NULL,'res:/Tutorial2/Reprocess/TakeCareWhatYouReprocess.ogg',9),(1002496,5,'Making money from what is reprocessed','Next I will show you how the minerals we acquire can be sold for Inter Stellar Kredits, or ISK, which is the universal currency. <b>Open the items hangar</b> and <b>press \"OK\"</b>.','res:/tutorial2/img/makemoney.png','res:/Tutorial2/Reprocess/MakingMoneyFromWhatIsRepr.ogg',9),(1002497,6,'Quick sell guide','<b>Right-click the tritanium</b> and <b>choose \"Sell this item...\"</b> from the selection menu. <b>Accept the amount offered.</b> To begin with, it is safe to sell minerals such as tritanium and ore that we mine from asteroid fields.','res:/tutorial2/img/QuickSellGuid.png','res:/Tutorial2/Reprocess/QuickSellGuide.ogg',9),(1002498,7,'Minerals and creating items','We will eventually use the minerals to make equipment and build spaceships, but first we need the appropriate research and development skills. <b>Close our hangar</b> before continuing.','','res:/Tutorial2/Reprocess/MineralsAndCreatingItems.ogg',9),(1002499,1,'The wallet','The button now blinking in the NeoCom opens our wallet. When it blinks like that, it means we have either made or spent some money. It will help us keep track of our expenditures. <b>Open the wallet now</b> to take a closer look.','res:/tutorial2/img/iconwalletnew.png','res:/Tutorial2/Wallet/TheWallet.ogg',11),(1002500,2,'What is in the wallet','Our wallet contains all the ISK we own and it is accessible from anywhere in the world. <b>Before continuing, find out what the \"Balance\" is</b> on our account. We only need a small surplus to get started.','res:/tutorial2/img/Explanation.png','res:/Tutorial2/Wallet/WhatIsTheWallet.ogg',11),(1002501,3,'Wallet features','Besides showing you how much money we have got, the wallet has numerous features. For example, <b>under the \"My Wallet\" tab, click on the \"Transactions\" tab</b> to can see a list of all our transactions. The more sales we make, the more entries will appear on this tab.','res:/tutorial2/img/Features.png','res:/Tutorial2/Wallet/WalletFeatures.ogg',11),(1002502,4,'Toggling functions','You can toggle when the wallet blinks in the NeoCom. <b>Open the \"Settings\" tab and select the criteria you prefer</b>. Then <b>open the \"My wallet\" tab</b> again to set it as default and <b>close the wallet</b>.',NULL,'res:/Tutorial2/Wallet/TogglingFunctions.ogg',11),(1002551,1,'Opening the Character Sheet','Next you need to work on your skills. <b>Open the Character Sheet</b> highlighted in the NeoCom and I will show you how to do that.','res:/tutorial2/img/iconcharactersheet.png','res:/Tutorial2/CharSheet/OpeningTheCharacterSheet.ogg',7),(1002552,2,'Uploading skills to your brain','From now on, you will learn everything from within the confines of your capsule. I will simply upload the skills you select to your brain. <b>Press OK</b>.',NULL,'res:/Tutorial2/CharSheet/UploadingSkillsToYour.ogg',7),(1002553,3,'Expanding a skill category','On the \"Skills\" tab there are the skill categories (e.g. Engineering and Gunnery). <b>Left click one of the categories</b> to expand it and view the skills it contains.','res:/tutorial2/img/skillcategories.png','res:/Tutorial2/CharSheet/ExpandASkillCategory.ogg',7),(1002554,4,'Browsing the available skills','The speed at which you learn skills is determined by your attributes, such as Memory and Intelligence. Browse the skills, <b>right-click them</b> and select <b>\"Show Info\"</b> to see what they do and what their underlying attributes are.','res:/tutorial2/img/SkillsIntro.png','res:/Tutorial2/CharSheet/BrowsingTheAvailableSkill.ogg',7),(1002555,5,'Starting the training','To train a skill, <b>right-click</b> the one you desire and select <b>\"Train skill\"</b> from the selection menu (\"Spaceship Command\" skills are a good start). Higher skill proficiency can enable you to use better items and equipment or let you access more advanced skills. Feel free to <b>close the character sheet and continue.</b>','res:/tutorial2/img/How2TrainSkil.png','res:/Tutorial2/CharSheet/StartingTheTraining.ogg',7),(1002569,1,'Chat channels','The world is full of pilots.  There are literally tens of thousands out there, and you need to be connected to the community if you are to become really successful. There are two default channels, \"Local\" and \"Corp\" (they can not be closed, whereas the \"Rookie Help\" channel can be). <b>Press \"OK\"</b> and I will tell you about them.','','res:/Tutorial2/Communicat/ChatChannels.ogg',15),(1002570,2,'What are the chat channels','When you graduated from your pilot training you were automatically entered into a corporation, one created especially for the pod pilot alumni of your particular school. The \"Corp\" channel is where you can find these pilots, while the \"Local\" channel lists every pilot in the solar system we are currently in.','','res:/Tutorial2/Communicat/WhatAreTheChatChannels.ogg',15),(1002571,3,'Saying hello','Pilots are generally very helpful and friendly. <b>Left-click the chat line</b> under either the \"Corp\" or the \"Local\" tab <b>and type your first message to the world</b>. Then, <b>press enter</b>. Remember - everyone will be able to read it, so be civil.','res:/tutorial2/img/hello.png','res:/Tutorial2/Communicat/SayingHello.ogg',15),(1002572,4,'Other channels in the NeoCom','There are other channels available. <b>Open the \"Channels & Mailing Lists\" window</b> in the NeoCom and briefly acquaint yourself with it. The Corporate, Recruitment, Language and Help channels are especially helpful to new pilots (the <b>Rookie Help Channel</b> in particular, which is actively monitored by staff from the Interstellar Service Department (ISD), waiting to help new pilots). We can keep many chat channels open at once.','res:/Tutorial2/img/chatchannel.png','res:/Tutorial2/Communicat/OtherChannelsInTheNeoCom.ogg',15),(1002573,5,'Building a reputation and maintaining relations','Don\'t forget, a healthy social life is the key to a prosperous existence. <b>Take part in society</b>, make friends and <b>build your reputation over time</b>. When you eventually sign up for a real pilot-run corporation or form one by yourself, a solid reputation will be your best asset.','','res:/Tutorial2/Communicat/BuildingAReputationAndMai.ogg',15),(1002574,6,'Finding people and places','A single universal database contains a great deal of information about the pilots and the places of the universe. You can access that database through the NeoCom. <b>Left click the \"People & places\" button</b> now and I will show you more.','','res:/Tutorial2/Communicat/FindPeopleAndPlaces.ogg',15),(1002575,7,'Searching for people and places','To perform a search you need to select your preferences under \"Search type\" and \"Search string\". <b>Set \"Search type\" to \"Solarsystem\"</b> and <b>type \"Chan\"</b> into the field. Your search will yield three systems - Chaneya, Chanoun and Chantrousse - all of which you can <b>right-click on and select \"Show info\"</b> to get more data.','res:/tutorial2/img/peopleplaces.png','res:/Tutorial2/Communicat/SearchingForPeopleAndPlac.ogg',15),(1002576,8,'Evemail','We can send an Evemail to anyone - all we need is a person\'s name. <b>Open your Mailbox</b> now and I will show you how.','','res:/Tutorial2/Communicat/Evemail.ogg',15),(1002577,9,'Creating a new message','<b>Click the \"New Message\" button</b> at the top of the Evemail interface. Since you probably do not know that many people, let\'s just send a short message to ourselves.','','res:/Tutorial2/Communicat/CreatingANewMessage.ogg',15),(1002578,10,'Sending a test message','<b>Type your name</b> as the person to send \"To,\" then <b>write a message</b> in the subject and text areas <b>and send it</b>.','res:/tutorial2/img/sendingmessage.png','res:/Tutorial2/Communicat/SendingATestMessage.ogg',15),(1002579,11,'Evemail notification','As you can see, the Evemail icon in the NeoCom will blink whenever a new evemail arrives. <b>Open our mailbox and locate the mail we just sent. Click OK</b> to continue.','','res:/Tutorial2/Communicat/EvemailNotification.ogg',15),(1002580,12,'Evemails from Concord','From time to time we will receive evemails from Concord.  This happens either when another pod pilot has killed you, or when we have killed another pod pilot.  But enough about that for now. What do you say we gear up to go and find some pirate scum to disintegrate?','res:/tutorial2/img/concord.png','res:/Tutorial2/Communicat/EvemailsFromConcord.ogg',15),(1002606,1,'Introduction','The fittings station service is used to fit modules to our ship, such as our Civilian Shield Booster. <b>Open the fittings service, press \"OK\"</b> and I will tell you about the fittings system.','res:/tutorial2/img/iconsfitting.png','res:/Tutorial2/Fitting/Introduction.ogg',13),(1002607,2,'Power slots','There are <b>slots of three power levels</b> in each spaceship - <b>high, medium</b> and <b>low</b>. Each level is designated by its own sign in the fittings view. The larger and more powerful our ship is, the more slots it can generally manage.','res:/tutorial2/img/fittingempty.png','res:/Tutorial2/Fitting/PowerSlots.ogg',13),(1002608,3,'Power requirements','Modules that require high power slots are designed to operate \"outside\" our ship, such as cannons and mining lasers. Medium and low power slots carry items that function inside the ship such as armor hardeners and energy control systems.','res:/tutorial2/img/powerrequire.png','res:/Tutorial2/Fitting/PowerRequirements.ogg',13),(1002609,4,'Open the items hangar and fitting services','<b>Make sure the items hangar and fittings service are open</b> and let us see if we own anything we can fit to our ship.','','res:/Tutorial2/Fitting/OpenTheItemHangarAndFitti.ogg',13),(1002610,5,'Fit modules to the ship','<b>Left click and drag the Civilian Shield Booster from our hangar on to the appropriate slot</b> in the fitting service. If you feel we can afford it, we can buy another module and fit it to the last remaining slot, before continuing.','res:/tutorial2/img/fittingcivilian2.png','res:/Tutorial2/Fitting/FitModulesToTheShip.ogg',13),(1002611,6,'The more CPU and power, the better','<b>Insufficient power and CPU in the ship will prevent our modules from going online</b> even if they have been successfully fitted. This is the rookie ships\' main drawback and is why we should try to advance to a proper frigate.','res:/tutorial2/img/cpu2.png','res:/Tutorial2/Fitting/TheMoreCPUAndPowerTheBett.ogg',13),(1002612,7,'Online/Offline module states','A module tagged with a green light is online, while a red light means it is offline. <b>Toggle these states off and on again through the right-click menus on the modules</b>. Notice the ship\'s Powergrid and CPU changing as you do this.','res:/tutorial2/img/fittingoffline.png','res:/Tutorial2/Fitting/OnlineOfflineModuleStates.ogg',13),(1002613,8,'Ammunition and charges','An energy weapon only needs to have a single frequency crystal fitted to work, while hybrid and projectile weapons need ammunition. <b>Our standard-issue Civilian Weapon requires neither</b> but apart from that it is very poor, to be honest. So please upgrade it soon.',NULL,'res:/Tutorial2/Fitting/AmmunitionsAndCharges2.ogg',13),(1002614,9,'How to charge modules','Loading crystals or ammunition is done by dragging and dropping them on top of fitted modules. But <b>let us worry about that later</b> because as I said,<b> our starting gun does not need charges.</b>',NULL,'res:/Tutorial2/Fitting/HowToChargeModules.ogg',13),(1002615,10,'Open the cargo hold','You need to know how to access our cargo hold, as that is where we should store our ammunition and charges. <b>Close the fittings service</b> and then <b>right-click our ship</b> and <b>select \"Open Cargohold\"</b> to do that.','res:/tutorial2/img/opencargonew.png','res:/Tutorial2/Fitting/OpenTheCargoHold.ogg',13),(1002616,11,'The importance of the cargo hold','This is where loot will be collected in-flight. <b>Items are moved between the hangar and the cargo by dragging and dropping.</b>','','res:/Tutorial2/Fitting/ImportanceOfTheCargoHold.ogg',13),(1002617,12,'Close all windows','I like to keep a clean and orderly interface so <b>close all windows except this one</b> before continuing.','','res:/Tutorial2/Fitting/CloseAllWindows.ogg',13),(1002629,1,'Opening the item hangar','In every space station there is an items hangar that we alone have access to. To open it, <b>left click the Items button</b> now highlighted in the NeoCom.','res:/tutorial2/img/iconitemshangar.png','res:/Tutorial2/ItemHangar/OpeningTheItemHangar.ogg',8),(1002630,2,'Reprocess items from the hangar','We can reprocess ore and equipment from our hangar and sell the minerals we get from doing that. It is usually the first thing pilots do to make money. <b>Press \"OK\"</b> and I will demonstrate.','res:/tutorial2/img/ore.png','res:/Tutorial2/ItemHangar/ReprocessItemsFromTheHang.ogg',8),(1002631,1,'Warping through space','Warp technology enables us to travel over vast distances in just a few seconds at many times the speed of light. Let us take a round trip to a random planet in our solar system and then safely back to the station before we start looking for trouble, shall we?','','res:/Tutorial2/Warp2DSC/WarpingThroughSpace.ogg',23),(1002632,2,'Bookmarking the location of the space station','Bookmarking the location of our home station is generally not required, but bookmarking is an important part of navigation so let us have a quick run-through of how to do that.  <b>Open the \"People and Places\"</b> window.','','res:/Tutorial2/Warp2DSC/BookmarkingTheLocationOf.ogg',23),(1002633,3,'Adding the bookmark','<b>Right-click the station in space and select \"Bookmark location\"</b>, then insert <b>\"Home station\" as the \"Label\" and confirm</b>. The location will appear on the \"Places\" tab in the People and Places window. From now on we can warp to, or dock, directly with our home station through the right-click menu on that entry.','res:/tutorial2/img/bookmarkstation.png','res:/Tutorial2/Warp2DSC/AddingTheBookmark.ogg',23),(1002634,4,'Warping within the solarsystem','Let us enter warp now. <b>Left click the triangle in front of the name of the solar system</b> in the top left corner. From the selection menus that appear, <b>warp to any planet</b>. When warping has initiated, <b>press \"OK\"</b> and I will go over how easy it is to get back to the station.','res:/tutorial2/img/menuplanet.png','res:/Tutorial2/Warp2DSC/WarpingWithinTheSolarsyst.ogg',23),(1002635,5,'Using the bookmark to warp back to station','We can do two things to get back. Either left click the triangle by the system name to get the warp menu again or <b>right-click the bookmark in \"People and places\" and warp using the selection menu</b>. Let me know when we are out of warp.','','res:/Tutorial2/Warp2DSC/UsingTheBookmarkToWarp.ogg',23),(1002636,6,'The deadspace exercise complexes','In response to the increasing threat from pirate nations, <b>CONCORD</b> <b>has created a number of special exercise deadspace complexes</b> for pilots to hone their combat skills and practice mining.',NULL,'res:/Tutorial2/Warp2DSC/TheDeadspaceExerciseCompl.ogg',23),(1002637,7,'Finding the exercise complexes','These complexes are located in our home system. In the Overview as well as in space, they are marked with a green-hued, downward-pointing arrow, which is the standard symbol for a navigational beacon. <b>Locate them before continuing.</b>','','res:/Tutorial2/Warp2DSC/FindingTheExerciseComplex.ogg',23),(1002638,8,'Warping to a deadspace complex','There are many ways to warp to the complex. For example <b>left click and hold on the beacon in space</b> and <b>select the warp command from the context menu</b> that appears, <b>or right click the beacon in the Overview and select \"Warp to\"</b>. Wake me up when we are there.','res:/tutorial2/img/complexwarp.png','res:/Tutorial2/Warp2DSC/WarpingToADeadspaceComple.ogg',23),(1002639,9,'Incoming Transmissions','The incoming transmissions we get when warping to a deadspace complex contain useful information about criminals that might reside within. The information comes from the database of CONCORD\'s <b>D</b>irective <b>E</b>nforcement <b>D</b>epartment division. <b>Always read the DED transmissions to be better prepared for what awaits you inside deadspace complexes.</b>','res:/tutorial2/img/DED1.png','res:/Tutorial2/Warp2DSC/IncomingTransmissions.ogg',23),(1002640,10,'Open the overview','When we are out of warp, you will see an acceleration gate. This gate leads to the next stage of the complex. <b>Open the overview</b>.','','res:/Tutorial2/Warp2DSC/OpenTheOverview.ogg',23),(1002641,11,'Get ready for combat','The two triangles symbolize the gate to the next room of the complex. <b>The red crosses</b> are signs of danger; pirates guarding the gate. <b>Let us eliminate those opponents</b>.','res:/tutorial2/img/getready.png','res:/Tutorial2/Warp2DSC/GetReadyForCombat.ogg',23),(1002658,1,'See the world!','<b>Press the map button</b> blinking in the NeoCom to see a map of the galaxy. I will show you how to use that, then we will leave the station and give this baby a spin!','res:/tutorial2/img/iconmap.png','res:/Tutorial2/Map/SeeTheWorld.ogg',14),(1002659,2,'Changing viewpoints','This map shows you the places we can travel to in our galaxy. Move your viewpoint by <b>left and/or right clicking and holding</b> anywhere on the map (except on a star) <b>and dragging</b>. Try out all click and drag combinations you can think of, before continuing.','res:/tutorial2/img/viewpointmap.png','res:/Tutorial2/Map/ChangingViewpoints.ogg',14),(1002660,3,'Right click the map for the selection menu','<b>Right click in open space</b> on the map and </b>choose \"Select Current -> Solar system\"</b> from the menu (clicking on a star will not result in this option). The map will center on the system we are in. It is easy to lose orientation in space, and this should help.','res:/tutorial2/img/urhere.png','res:/Tutorial2/Map/RightClickTheMapForTheSel.ogg',14),(1002661,4,'Zoom in and out','<b>Right- and left-click and hold and drag back and forth</b> to zoom in and out on our system. Zoom as far as you can in both directions. It will help you get a feeling for the enormity of space.','','res:/Tutorial2/Map/ZoomInAndOut.ogg',14),(1002662,5,'World map control','As you can see, space is big... well, huge actually. The World Map Control panel is a versatile and powerful tool that helps us plot a course and travel safely... or unsafely, if that is what you prefer. <b>Locate it</b> and <b>press \"OK\"</b> when you are ready.','res:/tutorial2/img/MapControlPanel.png','res:/Tutorial2/Map/WorldMapControl.ogg',14),(1002663,6,'Flatten/unflatten','<b>Use the flatten/unflatten button</b> in the world map control panel <b>to toggle between a 3D and a 2D map of the world</b>. Choose the one you like the most, <B>close the map</b> and continue.','res:/tutorial2/img/flattenmap.png','res:/Tutorial2/Map/FlattenUnflatten.ogg',14),(1002664,1,'The control console','Knowing how to navigate properly is terribly important! Jetting into space is fun in itself, but going just anywhere is not particularly clever. The first thing <b>I will get you acquainted with</b> is <b>the ship\'s control console, which is the big, bluish interface</b> I have just unveiled for you.','res:/tutorial2/img/Controlconsole.png','res:/Tutorial2/CtrlConsl/TheControlConsole.ogg',37),(1002665,2,'Getting to know the interface','<b>The control console is divided into three basic sections</b>. At the center there is the circular ship <b>control console</b>. To the right you can see <b>the module controls</b>. To the left there are the <b>utility controls</b>. Continue, and I will inform you about these, one by one, in detail.','','res:/Tutorial2/CtrlConsl/GettingToKnowTheInterface.ogg',37),(1002666,3,'The  grey, semi-circular gauges','<b>The gauges</b> in the control panel show you the status of the ship\'s critical systems - Shield, armor and structure. <b>Move the pointer over any of these to see the exact status</b> of these systems, then continue.','res:/tutorial2/img/greygauges.png','res:/Tutorial2/CtrlConsl/TheyGreySemiCircularGauge.ogg',37),(1002667,4,'Defense systems work together','The <b>shield</b> protects the armor, the <b>armor</b> protects the structure, the <b>structure</b> protects the pod and the <b>pod</b> protects me; and you! I mean - <b>All this protects us</b>! If the ship explodes, we will get a new ship from our insurance company.','','res:/Tutorial2/CtrlConsl/DefenceSystemsWorkTogethe.ogg',37),(1002668,5,'Different systems - Unique qualities','The good thing about <b>shields</b> is that they <b>recharge slowly by themselves</b>. Armor has to be manually repaired but it has good resistance against attacks that are hard for the shields to prevent. The structure is generally vulnerable.','res:/tutorial2/img/shieldcharge.png','res:/Tutorial2/CtrlConsl/DifferentSystemsUniqueQua.ogg',37),(1002669,6,'Repairing the ship','<b>Armor and hull repair modules can be used to repair armor and structure in flight</b> but they can also be quickly repaired by station services while we are in dock. <b>Shield boosters recharge shields faster.</b> These modules are <b>activated by left clicking</b>.','res:/Tutorial2/img/shieldRecharge2.png','res:/Tutorial2/CtrlConsl/RepairingTheShip.ogg',37),(1002670,7,'The capacitor and its capacity','What fuels all spaceships is converted energy, harvested from a perpetually burning, internal fusion reactor. A massive battery, called the \"Capacitor\" stores this energy. Its reserves are indicated by the cone-shaped, yellow gauges, stretching up and down from the center of the control console. <b>Hover the pointer over the capacitor to check its status</b>.','res:/tutorial2/img/capacitornew.png','res:/Tutorial2/CtrlConsl/TheCapacitorAndItsCapacit.ogg',37),(1002671,8,'The module controls','To the right you can see all the modules that have been fitted to our ship. <b>Press the \">>\" arrow button</b> in the control console <b>to toggle the visibility on and off</b>.','res:/tutorial2/img/modules2.png','res:/Tutorial2/CtrlConsl/TheModuleControls.ogg',37),(1002672,9,'Test the capacitor','Activated modules drain energy from the capacitor but our reactor continually fills it up again. We will therefore never run permanently out of energy, but our supply might dwindle if we activate too many modules. To test it <b>left click the Civilian Shield Booster</b> and watch the capacitor. <b>Left click again to shut it off.</b>','res:/tutorial2/img/shieldboostertt.png','res:/Tutorial2/CtrlConsl/TestTheCapacitor.ogg',37),(1002673,10,'The utility buttons','Similar to the module controls, <b>the utility buttons can be hidden or shown by clicking the arrow button</b> on the left side of the control console.','res:/tutorial2/img/utility.png','res:/Tutorial2/CtrlConsl/TheUtilityButtons.ogg',37),(1002674,11,'Use the utility buttons','<b>Hover the pointer over the utility buttons</b>, see what they are called, and then <b>left click them</b> to test them. The cargo button opens our cargo hold, obviously. The scanner and tactical overlay buttons are extremely useful in preparing and executing combat and the leftmost three buttons control the camera view, and explain themselves. Later on when I teach you about the warp command, I will add an Autopilot utility button to this interface.','res:/tutorial2/img/utilitybuttons.png','res:/Tutorial2/CtrlConsl/UseTheUtilityButtons.ogg',37),(1002675,12,'Manipulating the point-of-view','The camera control can zoom in on anything within a reasonable distance. To do that, <b>left click in space on what you want to look at and hold</b>. From the context menu <b>select \"Look at\"</b>. Repeat this a few times on different objects and then <b>click the \"Reset camera\" utility button</b> before continuing.','res:/Tutorial2/img/resetcamera.png','res:/Tutorial2/CtrlConsl/LookingAtThingsAndResetti.ogg',37),(1002676,13,'The speedometer','The lower part of the control console displays the speedometer. <b>Double left click on the speedometer</b> where you want to set the maximum speed at, during flight using normal thrusters.','res:/tutorial2/img/speedom1.png','res:/Tutorial2/CtrlConsl/TheSpeedometer.ogg',37);

/*Table structure for table `tutorials` */

DROP TABLE IF EXISTS `tutorials`;

CREATE TABLE `tutorials` (
  `tutorialID` int(10) unsigned NOT NULL default '0',
  `tutorialName` varchar(100) NOT NULL,
  `nextTutorialID` int(10) unsigned default NULL,
  `categoryID` int(10) unsigned NOT NULL,
  PRIMARY KEY  (`tutorialID`)
) ENGINE=InnoDB DEFAULT CHARSET=utf8;

/*Data for the table `tutorials` */

insert  into `tutorials`(`tutorialID`,`tutorialName`,`nextTutorialID`,`categoryID`) values (5,'Aura : Station Tutorial',6,1),(6,'Ship Hangar and boarding',7,1),(7,'Character Sheet',8,1),(8,'The Items Hangar',9,1),(9,'Reprocessing - Selling minerals',11,1),(11,'Wallet',12,1),(12,'Market',13,1),(13,'Fittings, station service',14,1),(14,'Map',16,1),(15,'Communication with other pilots',23,1),(16,'Undock',NULL,1),(17,'Aura : Flight tutorial',37,1),(18,'Navigation, manual',21,1),(19,'Navigation, Automatic',38,1),(21,'Overview',19,1),(23,'The Warp Drive',28,1),(24,'Reap the rewards',31,1),(27,'Aura : Being pod-killed',NULL,1),(28,'Attack the Pirate!',24,1),(31,'Activating Acceleration Gate',34,1),(32,'Assets',48,1),(33,'Corporations and applying',45,1),(34,'Engage more dangerous enemies',35,1),(35,'Mining',36,1),(36,'Attain the prize container',39,1),(37,'The Control Console',18,1),(38,'Lock/unlock & Concord',15,1),(39,'Returning home',40,1),(40,'Reprocess veldspar',32,1),(41,'Aura : Insurance',NULL,1),(42,'Aura : Cloning',NULL,1),(43,'Aura : Losing a ship',NULL,1),(44,'Agents',47,1),(45,'Help',44,1),(46,'Repairshop',33,1),(47,'Revealing the full UI',NULL,1),(48,'Map & travel planning',49,1),(49,'Use Assets to set destination',46,1),(50,'Aura : Creating a chat channel',NULL,1),(51,'Aura : Insufficient skill to fit a module',NULL,1);

/*Table structure for table `tutorials_criterias` */

DROP TABLE IF EXISTS `tutorials_criterias`;

CREATE TABLE `tutorials_criterias` (
  `tutorialID` int(10) unsigned NOT NULL default '0',
  `criteriaID` int(10) unsigned NOT NULL default '0',
  PRIMARY KEY  (`tutorialID`,`criteriaID`),
  KEY `criteriaID` (`criteriaID`)
) ENGINE=InnoDB DEFAULT CHARSET=utf8;

/*Data for the table `tutorials_criterias` */

insert  into `tutorials_criterias`(`tutorialID`,`criteriaID`) values (5,1),(6,1),(7,1),(8,1),(9,1),(11,1),(12,1),(13,1),(14,1),(16,1),(15,2),(17,2),(18,2),(19,2),(21,2),(23,2),(24,2),(28,2),(37,2),(38,2);

/*!40101 SET SQL_MODE=@OLD_SQL_MODE */;
